,message,date,sender_id,message_id,channel
0,,2024-12-08 04:56:26+00:00,-1001923600221,19277,https://t.me/Zero_to_hero_sr_stocks_nifty_505
1,"**TODAY FII&DII DATA:- 06-12-2024

FII SELL NET ğŸ‘‰ 1830.31 Cr.ğŸ”»

DII BUY NET ğŸ‘‰ 1659.06 Cr. â˜˜

NET SELLING :-Â  171.25 Cr. ğŸ”´**",2024-12-06 14:27:23+00:00,-1001923600221,19268,https://t.me/Zero_to_hero_sr_stocks_nifty_505
2,,2024-12-06 10:24:19+00:00,-1001923600221,19266,https://t.me/Zero_to_hero_sr_stocks_nifty_505
3,,2024-12-06 10:24:19+00:00,-1001923600221,19265,https://t.me/Zero_to_hero_sr_stocks_nifty_505
4,,2024-12-06 10:24:19+00:00,-1001923600221,19264,https://t.me/Zero_to_hero_sr_stocks_nifty_505
5,,2024-12-06 10:24:18+00:00,-1001923600221,19263,https://t.me/Zero_to_hero_sr_stocks_nifty_505
6,,2024-12-06 10:24:18+00:00,-1001923600221,19262,https://t.me/Zero_to_hero_sr_stocks_nifty_505
7,,2024-12-06 10:24:18+00:00,-1001923600221,19261,https://t.me/Zero_to_hero_sr_stocks_nifty_505
8,,2024-12-06 10:24:18+00:00,-1001923600221,19260,https://t.me/Zero_to_hero_sr_stocks_nifty_505
9,,2024-12-06 10:24:18+00:00,-1001923600221,19259,https://t.me/Zero_to_hero_sr_stocks_nifty_505
10,,2024-12-06 05:08:10+00:00,-1001923600221,19241,https://t.me/Zero_to_hero_sr_stocks_nifty_505
11,,2024-12-06 05:07:06+00:00,-1001923600221,19237,https://t.me/Zero_to_hero_sr_stocks_nifty_505
12,,2024-12-06 05:07:06+00:00,-1001923600221,19236,https://t.me/Zero_to_hero_sr_stocks_nifty_505
13,,2024-12-06 05:07:06+00:00,-1001923600221,19235,https://t.me/Zero_to_hero_sr_stocks_nifty_505
14,,2024-12-06 05:07:06+00:00,-1001923600221,19234,https://t.me/Zero_to_hero_sr_stocks_nifty_505
15,,2024-12-06 05:07:06+00:00,-1001923600221,19233,https://t.me/Zero_to_hero_sr_stocks_nifty_505
16,,2024-12-06 05:07:05+00:00,-1001923600221,19232,https://t.me/Zero_to_hero_sr_stocks_nifty_505
17,"**à¤‡à¤¤à¤¨à¤¾ à¤­à¤¾ à¤•à¥à¤¯à¤¾ à¤¸à¥‹à¤š à¤°à¤¹à¥‡ à¤¹à¥‹ à¤œà¤¿à¤¤à¤¨à¤¾ à¤†à¤ªà¤•à¤¾ 1 à¤¦à¤¿à¤¨ à¤•à¤¾ à¤²à¥‰à¤¸ à¤¹à¥ˆ à¤‰à¤¸à¥‡ à¤¸à¤¸à¥à¤¤à¤¾ à¤®à¥‡à¤°à¤¾ INVEST à¤—à¥à¤°à¥à¤ª à¤•à¤¾ à¤«à¥€à¤¸Â  à¤¹à¥ˆ à¤¤à¥‹ à¤«à¤Ÿà¤¾à¤«à¤Ÿ à¤œà¥à¤µà¤¾à¤‡à¤¨ à¤•à¤° à¤²à¥‹ à¤†à¤ªà¤•à¥€ à¤œà¤°à¥à¤¨à¥€ à¤†à¤œ à¤¸à¥‡ à¤¹à¥€ à¤šà¤¾à¤²à¥‚ à¤¹à¥‹ à¤œà¤¾à¤à¤—à¥€ ğŸ¥³ğŸ¥³ğŸ¥³ğŸ¥³ğŸ¥³ğŸ’¯ğŸ’¯ğŸ’¯

à¤”à¤° à¤†à¤ª à¤†à¤œ à¤œà¥à¤µà¤¾à¤‡à¤¨ à¤•à¤°à¥‹à¤—à¥‡ à¤¤à¥‹ à¤†à¤ªà¤•à¥‹ à¤†à¤œ à¤•à¥‡ à¤†à¤œ à¤¹à¥€ à¤†à¤ªà¤•à¤¾ à¤«à¥€à¤¸ à¤•à¤¾ 3 à¤—à¥à¤¨à¤¾ à¤°à¤¿à¤•à¤µà¤° à¤•à¤°à¤•à¥‡ à¤¦à¥‡à¤‚à¤—à¥‡ à¤¹à¤‚à¤¡à¥à¤°à¥‡à¤¡ à¤ªà¤°à¤¸à¥‡à¤‚à¤Ÿ à¤—à¤¾à¤°à¤‚à¤Ÿà¥€ à¤¦à¥‡à¤¤à¤¾ à¤¹à¥‚à¤‚ ğŸ¥³ğŸ¥³

Join click on ğŸ”— INDEX

INVEST ğŸ‘‡ğŸ‘‡ğŸ‘‡

**https://wa.me/+916378809418/?text=*HELLO-MONEY-INVEST-SIR*
**
**https://wa.me/+916378809418/?text=*HELLO-MONEY-INVEST-SIR***

STOCK OPTIONS ğŸ‘‡ğŸ‘‡ğŸ‘‡

**https://wa.me/+916378809418/?text=*HELLO-MONEY-INVEST-SIR*",2024-12-06 04:57:29+00:00,-1001923600221,19228,https://t.me/Zero_to_hero_sr_stocks_nifty_505
18,"**270 To 320++++ 3rd Target Hit ğŸ¯ ğŸ†ğŸ“ˆ

Book Your 100% Profit ğŸ˜ğŸ˜ğŸ™â¤ï¸


BOOK PROFIT Trail stop loss in profitğŸ’â¤ï¸**",2024-12-06 04:52:20+00:00,-1001923600221,19223,https://t.me/Zero_to_hero_sr_stocks_nifty_505
19,**270â‚¹ To 320â‚¹ ğŸ†ğŸ“ˆâ¤ï¸**,2024-12-06 04:52:04+00:00,-1001923600221,19222,https://t.me/Zero_to_hero_sr_stocks_nifty_505
20,,2024-12-06 04:51:51+00:00,-1001923600221,19221,https://t.me/Zero_to_hero_sr_stocks_nifty_505
21,,2024-12-06 04:51:51+00:00,-1001923600221,19220,https://t.me/Zero_to_hero_sr_stocks_nifty_505
22,,2024-12-06 04:51:51+00:00,-1001923600221,19219,https://t.me/Zero_to_hero_sr_stocks_nifty_505
23,,2024-12-06 04:51:51+00:00,-1001923600221,19218,https://t.me/Zero_to_hero_sr_stocks_nifty_505
24,,2024-12-06 04:51:51+00:00,-1001923600221,19217,https://t.me/Zero_to_hero_sr_stocks_nifty_505
25,,2024-12-06 04:51:51+00:00,-1001923600221,19216,https://t.me/Zero_to_hero_sr_stocks_nifty_505
26,,2024-12-06 04:51:51+00:00,-1001923600221,19215,https://t.me/Zero_to_hero_sr_stocks_nifty_505
27,,2024-12-06 04:51:51+00:00,-1001923600221,19214,https://t.me/Zero_to_hero_sr_stocks_nifty_505
28,,2024-12-06 04:51:50+00:00,-1001923600221,19213,https://t.me/Zero_to_hero_sr_stocks_nifty_505
29,,2024-12-06 04:51:50+00:00,-1001923600221,19212,https://t.me/Zero_to_hero_sr_stocks_nifty_505
30,"**270 To 310++++ 2nd Target Hit ğŸ¯ ğŸ†ğŸ“ˆ

Book Your 70% Profit ğŸ˜ğŸ˜ğŸ™â¤ï¸


BOOK PROFIT Trail stop loss in profitğŸ’â¤ï¸**",2024-12-06 04:48:17+00:00,-1001923600221,19210,https://t.me/Zero_to_hero_sr_stocks_nifty_505
31,**270â‚¹ To 310â‚¹ ğŸ†ğŸ“ˆâ¤ï¸**,2024-12-06 04:47:58+00:00,-1001923600221,19209,https://t.me/Zero_to_hero_sr_stocks_nifty_505
32,"**270 To 300++++ 1st Target Hit ğŸ¯ ğŸ†ğŸ“ˆ

Book Your 50% Profit ğŸ˜ğŸ˜ğŸ™â¤ï¸


BOOK PROFIT Trail stop loss in profitğŸ’â¤ï¸**",2024-12-06 04:47:45+00:00,-1001923600221,19208,https://t.me/Zero_to_hero_sr_stocks_nifty_505
33,**270â‚¹ To 300â‚¹ ğŸ†ğŸ“ˆâ¤ï¸**,2024-12-06 04:47:29+00:00,-1001923600221,19207,https://t.me/Zero_to_hero_sr_stocks_nifty_505
34,**270â‚¹ To 290â‚¹ ğŸ†ğŸ“ˆâ¤ï¸**,2024-12-06 04:47:24+00:00,-1001923600221,19206,https://t.me/Zero_to_hero_sr_stocks_nifty_505
35,**270â‚¹ To 280â‚¹ ğŸ†ğŸ“ˆâ¤ï¸**,2024-12-06 04:47:21+00:00,-1001923600221,19205,https://t.me/Zero_to_hero_sr_stocks_nifty_505
36,**270â‚¹ To 270â‚¹ ğŸ†ğŸ“ˆâ¤ï¸**,2024-12-06 04:46:52+00:00,-1001923600221,19204,https://t.me/Zero_to_hero_sr_stocks_nifty_505
37,"**BANKNIFTY 24 DECÂ  52000 PE**__

ğŸ› BUY ABOVE :- __270__

ğŸ“Š Current Price : __270__


**Target..300//310//320++**

â˜ ï¸ **Stoploss : PAID**__",2024-12-06 04:45:49+00:00,-1001923600221,19203,https://t.me/Zero_to_hero_sr_stocks_nifty_505
38,"ğ—šğ—¢ğ—¢ğ—— ğ— ğ—¢ğ—¥ğ—¡ğ—œğ—¡ğ—š ğ—”ğ—Ÿğ—Ÿ ğ—§ğ—¥ğ—”ğ——ğ—˜ğ—¥ğ—¦ â¤ï¸

ğ—›ğ—”ğ—©ğ—˜ ğ—” ğ—šğ—¢ğ—¢ğ—— ğ——ğ—”ğ—¬ ğ—§ğ—¢ğ——ğ—”ğ—¬ ğŸ˜Šâ™¥ï¸",2024-12-06 03:29:51+00:00,-1001923600221,19201,https://t.me/Zero_to_hero_sr_stocks_nifty_505
39,"**TODAY FII&DII DATA:- 05-12-2024

FII BUY NET ğŸ‘‰ 8539.91 Cr.â˜˜

DII SELL NET ğŸ‘‰ 2303.64 Cr. ğŸ”»

NET BUYING :-Â  6236.27 Cr. ğŸŸ¢

FIIS à¤•à¥€ à¤¬à¤¾à¤‡à¤‚à¤— à¤•à¥‹ à¤¦à¥‡à¤–à¤•à¤° à¤²à¤— à¤°à¤¹à¤¾ à¤¹à¥ˆ à¤¬à¥‰à¤Ÿà¤® à¤¬à¤¨ à¤—à¤¯à¤¾ à¤¹à¥ˆà¥¤**",2024-12-05 13:57:49+00:00,-1001923600221,19199,https://t.me/Zero_to_hero_sr_stocks_nifty_505
40,"**BANK NIFTY ğŸ‘‰ 280 TO 430 âœ…âœ… NEW HIGH 

150 POINT DONE IN BANK NIFTY PAPER TRADE STUDY....ğŸ™**

â¤ï¸â¤ï¸â¤ï¸â¤ï¸â¤ï¸â¤ï¸â¤ï¸â¤ï¸â¤ï¸â¤ï¸â¤ï¸",2024-12-05 09:10:04+00:00,-1001923600221,19189,https://t.me/Zero_to_hero_sr_stocks_nifty_505
41,,2024-12-05 09:09:22+00:00,-1001923600221,19188,https://t.me/Zero_to_hero_sr_stocks_nifty_505
42,,2024-12-05 09:09:22+00:00,-1001923600221,19187,https://t.me/Zero_to_hero_sr_stocks_nifty_505
43,,2024-12-05 09:09:22+00:00,-1001923600221,19186,https://t.me/Zero_to_hero_sr_stocks_nifty_505
44,,2024-12-05 09:09:21+00:00,-1001923600221,19185,https://t.me/Zero_to_hero_sr_stocks_nifty_505
45,,2024-12-05 09:09:21+00:00,-1001923600221,19184,https://t.me/Zero_to_hero_sr_stocks_nifty_505
46,,2024-12-05 09:09:21+00:00,-1001923600221,19183,https://t.me/Zero_to_hero_sr_stocks_nifty_505
47,,2024-12-05 09:09:21+00:00,-1001923600221,19182,https://t.me/Zero_to_hero_sr_stocks_nifty_505
48,,2024-12-05 09:09:21+00:00,-1001923600221,19181,https://t.me/Zero_to_hero_sr_stocks_nifty_505
49,,2024-12-05 09:09:21+00:00,-1001923600221,19180,https://t.me/Zero_to_hero_sr_stocks_nifty_505
50,,2024-12-05 09:09:21+00:00,-1001923600221,19179,https://t.me/Zero_to_hero_sr_stocks_nifty_505
51,**280â‚¹ To 380â‚¹ ğŸ†ğŸ“ˆâ¤ï¸**,2024-12-05 08:04:49+00:00,-1001923600221,19163,https://t.me/Zero_to_hero_sr_stocks_nifty_505
52,**280â‚¹ To 370â‚¹ ğŸ†ğŸ“ˆâ¤ï¸**,2024-12-05 08:04:44+00:00,-1001923600221,19162,https://t.me/Zero_to_hero_sr_stocks_nifty_505
53,**280â‚¹ To 360â‚¹ ğŸ†ğŸ“ˆâ¤ï¸**,2024-12-05 08:04:40+00:00,-1001923600221,19161,https://t.me/Zero_to_hero_sr_stocks_nifty_505
54,**280â‚¹ To 350â‚¹ ğŸ†ğŸ“ˆâ¤ï¸**,2024-12-05 08:04:36+00:00,-1001923600221,19160,https://t.me/Zero_to_hero_sr_stocks_nifty_505
55,**280â‚¹ To 340â‚¹ ğŸ†ğŸ“ˆâ¤ï¸**,2024-12-05 08:04:31+00:00,-1001923600221,19159,https://t.me/Zero_to_hero_sr_stocks_nifty_505
56,,2024-12-05 08:04:02+00:00,-1001923600221,19158,https://t.me/Zero_to_hero_sr_stocks_nifty_505
57,,2024-12-05 08:04:01+00:00,-1001923600221,19157,https://t.me/Zero_to_hero_sr_stocks_nifty_505
58,,2024-12-05 08:04:01+00:00,-1001923600221,19156,https://t.me/Zero_to_hero_sr_stocks_nifty_505
59,,2024-12-05 08:04:01+00:00,-1001923600221,19155,https://t.me/Zero_to_hero_sr_stocks_nifty_505
60,,2024-12-05 08:04:01+00:00,-1001923600221,19154,https://t.me/Zero_to_hero_sr_stocks_nifty_505
61,,2024-12-05 08:04:01+00:00,-1001923600221,19153,https://t.me/Zero_to_hero_sr_stocks_nifty_505
62,"**280 To 330++++ 3rd Target Hit ğŸ¯ ğŸ†ğŸ“ˆ

Book Your 100% Profit ğŸ˜ğŸ˜ğŸ™â¤ï¸


BOOK PROFIT Trail stop loss in profitğŸ’â¤ï¸**",2024-12-05 07:59:52+00:00,-1001923600221,19151,https://t.me/Zero_to_hero_sr_stocks_nifty_505
63,**280â‚¹ To 330â‚¹ ğŸ†ğŸ“ˆâ¤ï¸**,2024-12-05 07:59:31+00:00,-1001923600221,19150,https://t.me/Zero_to_hero_sr_stocks_nifty_505
64,"**à¤¦à¥‹à¤¸à¥à¤¤à¥‹ à¤–à¥à¤¦ à¤Ÿà¥à¤°à¥‡à¤¡à¤¿à¤‚à¤— à¤•à¤° à¤•à¤° à¤•à¥‡ Loss à¤®à¤¤ à¤•à¤°à¥‹....!!

à¤à¤• à¤¬à¤¾à¤° à¤¹à¤®à¤¾à¤°à¥‡ à¤ªà¤¾à¤¸ à¤‡à¤¨à¥à¤µà¥‡à¤¸à¥à¤Ÿ à¤•à¤°à¤•à¥‡ Result Dekho....ğŸ’ğŸ’°ğŸ’¯

Daily Earning Karoge....!!

à¤®à¥‡à¤°à¥€ Guarantee à¤¹à¥ˆà¤‚....ğŸ˜ğŸ’°ğŸ’¯

à¤°à¥‹à¤œà¤¾à¤¨à¤¾ à¤²à¥‹à¤¸ à¤•à¤°à¤¨à¥‡ à¤¸à¥‡ à¤…à¤šà¥à¤›à¤¾ à¤¹à¥ˆ à¤¡à¤¾à¤¯à¤°à¥‡à¤•à¥à¤Ÿ à¤¹à¤®à¤¾à¤°à¥‡ à¤ªà¤¾à¤¸ à¤‡à¤¨à¥à¤µà¥‡à¤¸à¥à¤Ÿ à¤•à¤°à¥‹ à¤”à¤° à¤°à¥‹à¤œà¤¾à¤¨à¤¾ à¤†à¤°à¤¾à¤® à¤¸à¥‡ à¤•à¤®à¤¾à¤“....!

**https://wa.me/+916378809418/?text=*HELLO-MONEY-INVEST-SIR*
https://wa.me/+916378809418/?text=*HELLO-MONEY-INVEST-SIR*",2024-12-05 05:09:51+00:00,-1001923600221,19140,https://t.me/Zero_to_hero_sr_stocks_nifty_505
65,,2024-12-05 05:09:33+00:00,-1001923600221,19139,https://t.me/Zero_to_hero_sr_stocks_nifty_505
66,,2024-12-05 05:09:33+00:00,-1001923600221,19138,https://t.me/Zero_to_hero_sr_stocks_nifty_505
67,,2024-12-05 05:09:33+00:00,-1001923600221,19137,https://t.me/Zero_to_hero_sr_stocks_nifty_505
68,,2024-12-05 05:09:33+00:00,-1001923600221,19136,https://t.me/Zero_to_hero_sr_stocks_nifty_505
69,,2024-12-05 05:09:32+00:00,-1001923600221,19135,https://t.me/Zero_to_hero_sr_stocks_nifty_505
70,,2024-12-05 05:09:32+00:00,-1001923600221,19134,https://t.me/Zero_to_hero_sr_stocks_nifty_505
71,"**280 To 320++++ 2nd Target Hit ğŸ¯ ğŸ†ğŸ“ˆ

Book Your 70% Profit ğŸ˜ğŸ˜ğŸ™â¤ï¸


BOOK PROFIT Trail stop loss in profitğŸ’â¤ï¸**",2024-12-05 04:31:26+00:00,-1001923600221,19123,https://t.me/Zero_to_hero_sr_stocks_nifty_505
72,**280â‚¹ To 320â‚¹ ğŸ†ğŸ“ˆâ¤ï¸**,2024-12-05 04:31:07+00:00,-1001923600221,19122,https://t.me/Zero_to_hero_sr_stocks_nifty_505
73,,2024-12-05 04:30:42+00:00,-1001923600221,19121,https://t.me/Zero_to_hero_sr_stocks_nifty_505
74,,2024-12-05 04:30:42+00:00,-1001923600221,19120,https://t.me/Zero_to_hero_sr_stocks_nifty_505
75,,2024-12-05 04:30:42+00:00,-1001923600221,19119,https://t.me/Zero_to_hero_sr_stocks_nifty_505
76,,2024-12-05 04:30:42+00:00,-1001923600221,19118,https://t.me/Zero_to_hero_sr_stocks_nifty_505
77,,2024-12-05 04:30:42+00:00,-1001923600221,19117,https://t.me/Zero_to_hero_sr_stocks_nifty_505
78,,2024-12-05 04:30:42+00:00,-1001923600221,19116,https://t.me/Zero_to_hero_sr_stocks_nifty_505
79,,2024-12-05 04:30:42+00:00,-1001923600221,19115,https://t.me/Zero_to_hero_sr_stocks_nifty_505
80,,2024-12-05 04:30:42+00:00,-1001923600221,19114,https://t.me/Zero_to_hero_sr_stocks_nifty_505
81,,2024-12-05 04:30:42+00:00,-1001923600221,19113,https://t.me/Zero_to_hero_sr_stocks_nifty_505
82,,2024-12-05 04:30:42+00:00,-1001923600221,19112,https://t.me/Zero_to_hero_sr_stocks_nifty_505
83,"**280 To 310++++ 1st Target Hit ğŸ¯ ğŸ†ğŸ“ˆ

Book Your 50% Profit ğŸ˜ğŸ˜ğŸ™â¤ï¸


BOOK PROFIT Trail stop loss in profitğŸ’â¤ï¸**",2024-12-05 03:53:51+00:00,-1001923600221,19110,https://t.me/Zero_to_hero_sr_stocks_nifty_505
84,**280â‚¹ To 310â‚¹ ğŸ†ğŸ“ˆâ¤ï¸**,2024-12-05 03:53:28+00:00,-1001923600221,19109,https://t.me/Zero_to_hero_sr_stocks_nifty_505
85,**280â‚¹ To 300â‚¹ ğŸ†ğŸ“ˆâ¤ï¸**,2024-12-05 03:53:21+00:00,-1001923600221,19108,https://t.me/Zero_to_hero_sr_stocks_nifty_505
86,**280â‚¹ To 290â‚¹ ğŸ†ğŸ“ˆâ¤ï¸**,2024-12-05 03:53:15+00:00,-1001923600221,19107,https://t.me/Zero_to_hero_sr_stocks_nifty_505
87,**280â‚¹ To 280â‚¹ ğŸ†ğŸ“ˆâ¤ï¸**,2024-12-05 03:52:59+00:00,-1001923600221,19106,https://t.me/Zero_to_hero_sr_stocks_nifty_505
88,"**BANKNIFTY 24 DECÂ  54600 CE**__

ğŸ› BUY ABOVE :- __280__

ğŸ“Š Current Price : __280__


**Target..310//320//330++**

â˜ ï¸ **Stoploss : PAID**__",2024-12-05 03:52:18+00:00,-1001923600221,19105,https://t.me/Zero_to_hero_sr_stocks_nifty_505
89,"ğ—šğ—¢ğ—¢ğ—— ğ— ğ—¢ğ—¥ğ—¡ğ—œğ—¡ğ—š ğ—”ğ—Ÿğ—Ÿ ğ—§ğ—¥ğ—”ğ——ğ—˜ğ—¥ğ—¦ â¤ï¸

ğ—›ğ—”ğ—©ğ—˜ ğ—” ğ—šğ—¢ğ—¢ğ—— ğ——ğ—”ğ—¬ ğ—§ğ—¢ğ——ğ—”ğ—¬ ğŸ˜Šâ™¥ï¸",2024-12-05 03:30:16+00:00,-1001923600221,19103,https://t.me/Zero_to_hero_sr_stocks_nifty_505
90,"**TODAY FII&DII DATA:- 04-12-2024

FII BUY NET ğŸ‘‰ 1797.60 Cr.â˜˜

DII SELL NET ğŸ‘‰ 900.62 Cr. ğŸ”»

NET BUYING :-Â  896.98 Cr. ğŸŸ¢**",2024-12-04 14:52:30+00:00,-1001923600221,19101,https://t.me/Zero_to_hero_sr_stocks_nifty_505
91,,2024-12-04 14:52:08+00:00,-1001923600221,19100,https://t.me/Zero_to_hero_sr_stocks_nifty_505
92,,2024-12-04 14:52:08+00:00,-1001923600221,19099,https://t.me/Zero_to_hero_sr_stocks_nifty_505
93,,2024-12-04 14:52:08+00:00,-1001923600221,19098,https://t.me/Zero_to_hero_sr_stocks_nifty_505
94,,2024-12-04 14:52:08+00:00,-1001923600221,19097,https://t.me/Zero_to_hero_sr_stocks_nifty_505
95,,2024-12-04 14:52:08+00:00,-1001923600221,19096,https://t.me/Zero_to_hero_sr_stocks_nifty_505
96,,2024-12-04 14:52:08+00:00,-1001923600221,19095,https://t.me/Zero_to_hero_sr_stocks_nifty_505
97,,2024-12-04 14:52:08+00:00,-1001923600221,19094,https://t.me/Zero_to_hero_sr_stocks_nifty_505
98,,2024-12-04 14:52:08+00:00,-1001923600221,19093,https://t.me/Zero_to_hero_sr_stocks_nifty_505
99,,2024-12-04 14:52:08+00:00,-1001923600221,19092,https://t.me/Zero_to_hero_sr_stocks_nifty_505
100,,2024-12-04 14:52:08+00:00,-1001923600221,19091,https://t.me/Zero_to_hero_sr_stocks_nifty_505
101,,2024-12-04 14:52:08+00:00,-1001923600221,19090,https://t.me/Zero_to_hero_sr_stocks_nifty_505
102,,2024-12-04 14:52:08+00:00,-1001923600221,19089,https://t.me/Zero_to_hero_sr_stocks_nifty_505
103,,2024-12-04 14:52:07+00:00,-1001923600221,19088,https://t.me/Zero_to_hero_sr_stocks_nifty_505
104,,2024-12-04 14:52:07+00:00,-1001923600221,19087,https://t.me/Zero_to_hero_sr_stocks_nifty_505
105,,2024-12-04 14:52:07+00:00,-1001923600221,19086,https://t.me/Zero_to_hero_sr_stocks_nifty_505
106,,2024-12-04 14:52:07+00:00,-1001923600221,19085,https://t.me/Zero_to_hero_sr_stocks_nifty_505
107,"**BANK NIFTY ğŸ‘‰ 290 TO 490 âœ…âœ… NEW HIGH 

200 POINT DONE IN BANK NIFTY PAPER TRADE STUDY....ğŸ™**

â¤ï¸â¤ï¸â¤ï¸â¤ï¸â¤ï¸â¤ï¸â¤ï¸â¤ï¸â¤ï¸â¤ï¸â¤ï¸",2024-12-04 09:33:50+00:00,-1001923600221,19080,https://t.me/Zero_to_hero_sr_stocks_nifty_505
108,"**BANK NIFTY ğŸ‘‰ 290 TO 440 âœ…âœ… NEW HIGH 

150 POINT DONE IN BANK NIFTY PAPER TRADE STUDY....ğŸ™**

â¤ï¸â¤ï¸â¤ï¸â¤ï¸â¤ï¸â¤ï¸â¤ï¸â¤ï¸â¤ï¸â¤ï¸â¤ï¸",2024-12-04 09:33:38+00:00,-1001923600221,19079,https://t.me/Zero_to_hero_sr_stocks_nifty_505
109,,2024-12-04 09:32:34+00:00,-1001923600221,19078,https://t.me/Zero_to_hero_sr_stocks_nifty_505
110,,2024-12-04 09:32:34+00:00,-1001923600221,19077,https://t.me/Zero_to_hero_sr_stocks_nifty_505
111,,2024-12-04 09:32:33+00:00,-1001923600221,19076,https://t.me/Zero_to_hero_sr_stocks_nifty_505
112,,2024-12-04 09:32:33+00:00,-1001923600221,19075,https://t.me/Zero_to_hero_sr_stocks_nifty_505
113,,2024-12-04 09:32:33+00:00,-1001923600221,19074,https://t.me/Zero_to_hero_sr_stocks_nifty_505
114,,2024-12-04 09:32:33+00:00,-1001923600221,19073,https://t.me/Zero_to_hero_sr_stocks_nifty_505
115,**290â‚¹ To 390â‚¹ ğŸ†ğŸ“ˆâ¤ï¸**,2024-12-04 05:57:07+00:00,-1001923600221,19065,https://t.me/Zero_to_hero_sr_stocks_nifty_505
116,**290â‚¹ To 380â‚¹ ğŸ†ğŸ“ˆâ¤ï¸**,2024-12-04 05:57:02+00:00,-1001923600221,19064,https://t.me/Zero_to_hero_sr_stocks_nifty_505
117,**290â‚¹ To 370â‚¹ ğŸ†ğŸ“ˆâ¤ï¸**,2024-12-04 05:56:57+00:00,-1001923600221,19063,https://t.me/Zero_to_hero_sr_stocks_nifty_505
118,**290â‚¹ To 360â‚¹ ğŸ†ğŸ“ˆâ¤ï¸**,2024-12-04 05:56:52+00:00,-1001923600221,19062,https://t.me/Zero_to_hero_sr_stocks_nifty_505
119,**290â‚¹ To 350â‚¹ ğŸ†ğŸ“ˆâ¤ï¸**,2024-12-04 05:56:47+00:00,-1001923600221,19061,https://t.me/Zero_to_hero_sr_stocks_nifty_505
120,,2024-12-04 05:56:30+00:00,-1001923600221,19060,https://t.me/Zero_to_hero_sr_stocks_nifty_505
121,,2024-12-04 05:56:30+00:00,-1001923600221,19059,https://t.me/Zero_to_hero_sr_stocks_nifty_505
122,,2024-12-04 05:56:30+00:00,-1001923600221,19058,https://t.me/Zero_to_hero_sr_stocks_nifty_505
123,,2024-12-04 05:56:30+00:00,-1001923600221,19057,https://t.me/Zero_to_hero_sr_stocks_nifty_505
124,,2024-12-04 05:56:30+00:00,-1001923600221,19056,https://t.me/Zero_to_hero_sr_stocks_nifty_505
125,,2024-12-04 05:56:30+00:00,-1001923600221,19055,https://t.me/Zero_to_hero_sr_stocks_nifty_505
126,"**à¤‡à¤¤à¤¨à¤¾ à¤­à¤¾ à¤•à¥à¤¯à¤¾ à¤¸à¥‹à¤š à¤°à¤¹à¥‡ à¤¹à¥‹ à¤œà¤¿à¤¤à¤¨à¤¾ à¤†à¤ªà¤•à¤¾ 1 à¤¦à¤¿à¤¨ à¤•à¤¾ à¤²à¥‰à¤¸ à¤¹à¥ˆ à¤‰à¤¸à¥‡ à¤¸à¤¸à¥à¤¤à¤¾ à¤®à¥‡à¤°à¤¾ INVEST à¤—à¥à¤°à¥à¤ª à¤•à¤¾ à¤«à¥€à¤¸Â  à¤¹à¥ˆ à¤¤à¥‹ à¤«à¤Ÿà¤¾à¤«à¤Ÿ à¤œà¥à¤µà¤¾à¤‡à¤¨ à¤•à¤° à¤²à¥‹ à¤†à¤ªà¤•à¥€ à¤œà¤°à¥à¤¨à¥€ à¤†à¤œ à¤¸à¥‡ à¤¹à¥€ à¤šà¤¾à¤²à¥‚ à¤¹à¥‹ à¤œà¤¾à¤à¤—à¥€ ğŸ¥³ğŸ¥³ğŸ¥³ğŸ¥³ğŸ¥³ğŸ’¯ğŸ’¯ğŸ’¯

à¤”à¤° à¤†à¤ª à¤†à¤œ à¤œà¥à¤µà¤¾à¤‡à¤¨ à¤•à¤°à¥‹à¤—à¥‡ à¤¤à¥‹ à¤†à¤ªà¤•à¥‹ à¤†à¤œ à¤•à¥‡ à¤†à¤œ à¤¹à¥€ à¤†à¤ªà¤•à¤¾ à¤«à¥€à¤¸ à¤•à¤¾ 3 à¤—à¥à¤¨à¤¾ à¤°à¤¿à¤•à¤µà¤° à¤•à¤°à¤•à¥‡ à¤¦à¥‡à¤‚à¤—à¥‡ à¤¹à¤‚à¤¡à¥à¤°à¥‡à¤¡ à¤ªà¤°à¤¸à¥‡à¤‚à¤Ÿ à¤—à¤¾à¤°à¤‚à¤Ÿà¥€ à¤¦à¥‡à¤¤à¤¾ à¤¹à¥‚à¤‚ ğŸ¥³ğŸ¥³

Join click on ğŸ”— INDEX

INVEST ğŸ‘‡ğŸ‘‡ğŸ‘‡

**https://wa.me/+916378809418/?text=*HELLO-MONEY-INVEST-SIR*
**
**https://wa.me/+916378809418/?text=*HELLO-MONEY-INVEST-SIR***

STOCK OPTIONS ğŸ‘‡ğŸ‘‡ğŸ‘‡

**https://wa.me/+916378809418/?text=*HELLO-MONEY-INVEST-SIR*",2024-12-04 05:54:04+00:00,-1001923600221,19054,https://t.me/Zero_to_hero_sr_stocks_nifty_505
127,"**290 To 340++++ 3rd Target Hit ğŸ¯ ğŸ†ğŸ“ˆ

Book Your 100% Profit ğŸ˜ğŸ˜ğŸ™â¤ï¸


BOOK PROFIT Trail stop loss in profitğŸ’â¤ï¸**",2024-12-04 04:25:32+00:00,-1001923600221,19043,https://t.me/Zero_to_hero_sr_stocks_nifty_505
128,**290â‚¹ To 340â‚¹ ğŸ†ğŸ“ˆâ¤ï¸**,2024-12-04 04:25:12+00:00,-1001923600221,19042,https://t.me/Zero_to_hero_sr_stocks_nifty_505
129,,2024-12-04 04:24:56+00:00,-1001923600221,19041,https://t.me/Zero_to_hero_sr_stocks_nifty_505
130,,2024-12-04 04:24:56+00:00,-1001923600221,19040,https://t.me/Zero_to_hero_sr_stocks_nifty_505
131,,2024-12-04 04:24:56+00:00,-1001923600221,19039,https://t.me/Zero_to_hero_sr_stocks_nifty_505
132,,2024-12-04 04:24:55+00:00,-1001923600221,19038,https://t.me/Zero_to_hero_sr_stocks_nifty_505
133,,2024-12-04 04:24:55+00:00,-1001923600221,19037,https://t.me/Zero_to_hero_sr_stocks_nifty_505
134,,2024-12-04 04:24:55+00:00,-1001923600221,19036,https://t.me/Zero_to_hero_sr_stocks_nifty_505
135,"**à¤¦à¥‹à¤¸à¥à¤¤à¥‹ à¤–à¥à¤¦ à¤Ÿà¥à¤°à¥‡à¤¡à¤¿à¤‚à¤— à¤•à¤° à¤•à¤° à¤•à¥‡ Loss à¤®à¤¤ à¤•à¤°à¥‹....!!

à¤à¤• à¤¬à¤¾à¤° à¤¹à¤®à¤¾à¤°à¥‡ à¤ªà¤¾à¤¸ à¤‡à¤¨à¥à¤µà¥‡à¤¸à¥à¤Ÿ à¤•à¤°à¤•à¥‡ Result Dekho....ğŸ’ğŸ’°ğŸ’¯

Daily Earning Karoge....!!

à¤®à¥‡à¤°à¥€ Guarantee à¤¹à¥ˆà¤‚....ğŸ˜ğŸ’°ğŸ’¯

à¤°à¥‹à¤œà¤¾à¤¨à¤¾ à¤²à¥‹à¤¸ à¤•à¤°à¤¨à¥‡ à¤¸à¥‡ à¤…à¤šà¥à¤›à¤¾ à¤¹à¥ˆ à¤¡à¤¾à¤¯à¤°à¥‡à¤•à¥à¤Ÿ à¤¹à¤®à¤¾à¤°à¥‡ à¤ªà¤¾à¤¸ à¤‡à¤¨à¥à¤µà¥‡à¤¸à¥à¤Ÿ à¤•à¤°à¥‹ à¤”à¤° à¤°à¥‹à¤œà¤¾à¤¨à¤¾ à¤†à¤°à¤¾à¤® à¤¸à¥‡ à¤•à¤®à¤¾à¤“....!

**https://wa.me/+916378809418/?text=*HELLO-MONEY-INVEST-SIR*
https://wa.me/+916378809418/?text=*HELLO-MONEY-INVEST-SIR*",2024-12-04 04:16:49+00:00,-1001923600221,19031,https://t.me/Zero_to_hero_sr_stocks_nifty_505
136,"**290 To 330++++ 2nd Target Hit ğŸ¯ ğŸ†ğŸ“ˆ

Book Your 70% Profit ğŸ˜ğŸ˜ğŸ™â¤ï¸


BOOK PROFIT Trail stop loss in profitğŸ’â¤ï¸**",2024-12-04 04:16:36+00:00,-1001923600221,19030,https://t.me/Zero_to_hero_sr_stocks_nifty_505
137,**290â‚¹ To 330â‚¹ ğŸ†ğŸ“ˆâ¤ï¸**,2024-12-04 04:16:14+00:00,-1001923600221,19029,https://t.me/Zero_to_hero_sr_stocks_nifty_505
138,,2024-12-04 04:11:10+00:00,-1001923600221,19021,https://t.me/Zero_to_hero_sr_stocks_nifty_505
139,,2024-12-04 04:11:10+00:00,-1001923600221,19020,https://t.me/Zero_to_hero_sr_stocks_nifty_505
140,,2024-12-04 04:11:10+00:00,-1001923600221,19019,https://t.me/Zero_to_hero_sr_stocks_nifty_505
141,,2024-12-04 04:11:10+00:00,-1001923600221,19018,https://t.me/Zero_to_hero_sr_stocks_nifty_505
142,,2024-12-04 04:11:10+00:00,-1001923600221,19017,https://t.me/Zero_to_hero_sr_stocks_nifty_505
143,,2024-12-04 04:11:10+00:00,-1001923600221,19016,https://t.me/Zero_to_hero_sr_stocks_nifty_505
144,,2024-12-04 04:11:10+00:00,-1001923600221,19015,https://t.me/Zero_to_hero_sr_stocks_nifty_505
145,,2024-12-04 04:11:10+00:00,-1001923600221,19014,https://t.me/Zero_to_hero_sr_stocks_nifty_505
146,,2024-12-04 04:11:10+00:00,-1001923600221,19013,https://t.me/Zero_to_hero_sr_stocks_nifty_505
147,,2024-12-04 04:11:10+00:00,-1001923600221,19012,https://t.me/Zero_to_hero_sr_stocks_nifty_505
148,"**290 To 320++++ 1st Target Hit ğŸ¯ ğŸ†ğŸ“ˆ

Book Your 50% Profit ğŸ˜ğŸ˜ğŸ™â¤ï¸


BOOK PROFIT Trail stop loss in profitğŸ’â¤ï¸**",2024-12-04 04:06:24+00:00,-1001923600221,19010,https://t.me/Zero_to_hero_sr_stocks_nifty_505
149,**290â‚¹ To 320â‚¹ ğŸ†ğŸ“ˆâ¤ï¸**,2024-12-04 04:06:07+00:00,-1001923600221,19009,https://t.me/Zero_to_hero_sr_stocks_nifty_505
150,**290â‚¹ To 310â‚¹ ğŸ†ğŸ“ˆâ¤ï¸**,2024-12-04 04:06:02+00:00,-1001923600221,19008,https://t.me/Zero_to_hero_sr_stocks_nifty_505
151,**290â‚¹ To 300â‚¹ ğŸ†ğŸ“ˆâ¤ï¸**,2024-12-04 04:05:56+00:00,-1001923600221,19007,https://t.me/Zero_to_hero_sr_stocks_nifty_505
152,**290â‚¹ To 290â‚¹ ğŸ†ğŸ“ˆâ¤ï¸**,2024-12-04 04:05:39+00:00,-1001923600221,19006,https://t.me/Zero_to_hero_sr_stocks_nifty_505
153,"**BANKNIFTY 24 DECÂ  54100 CE**__

ğŸ› BUY ABOVE :- __290__

ğŸ“Š Current Price : __290__


**Target..320//330//340++**

â˜ ï¸ **Stoploss : PAID**__",2024-12-04 04:04:53+00:00,-1001923600221,19005,https://t.me/Zero_to_hero_sr_stocks_nifty_505
154,"ğ—šğ—¢ğ—¢ğ—— ğ— ğ—¢ğ—¥ğ—¡ğ—œğ—¡ğ—š ğ—”ğ—Ÿğ—Ÿ ğ—§ğ—¥ğ—”ğ——ğ—˜ğ—¥ğ—¦ â¤ï¸

ğ—›ğ—”ğ—©ğ—˜ ğ—” ğ—šğ—¢ğ—¢ğ—— ğ——ğ—”ğ—¬ ğ—§ğ—¢ğ——ğ—”ğ—¬ ğŸ˜Šâ™¥ï¸",2024-12-04 03:37:04+00:00,-1001923600221,19003,https://t.me/Zero_to_hero_sr_stocks_nifty_505
155,"**TODAY FII&DII DATA:- 03-12-2024

FII BUY NET ğŸ‘‰ 3664.67 Cr.â˜˜

DII SELL NET ğŸ‘‰ 250.99 Cr. ğŸ”»

NET BUYING :-Â  3413.68 Cr. ğŸŸ¢**",2024-12-03 15:39:08+00:00,-1001923600221,19001,https://t.me/Zero_to_hero_sr_stocks_nifty_505
156,,2024-12-03 15:38:46+00:00,-1001923600221,19000,https://t.me/Zero_to_hero_sr_stocks_nifty_505
157,,2024-12-03 15:38:46+00:00,-1001923600221,18999,https://t.me/Zero_to_hero_sr_stocks_nifty_505
158,,2024-12-03 15:38:46+00:00,-1001923600221,18998,https://t.me/Zero_to_hero_sr_stocks_nifty_505
159,,2024-12-03 15:38:46+00:00,-1001923600221,18997,https://t.me/Zero_to_hero_sr_stocks_nifty_505
160,,2024-12-03 15:38:46+00:00,-1001923600221,18996,https://t.me/Zero_to_hero_sr_stocks_nifty_505
161,,2024-12-03 15:38:46+00:00,-1001923600221,18995,https://t.me/Zero_to_hero_sr_stocks_nifty_505
162,,2024-12-03 15:38:45+00:00,-1001923600221,18994,https://t.me/Zero_to_hero_sr_stocks_nifty_505
163,,2024-12-03 15:38:45+00:00,-1001923600221,18993,https://t.me/Zero_to_hero_sr_stocks_nifty_505
164,,2024-12-03 15:38:45+00:00,-1001923600221,18992,https://t.me/Zero_to_hero_sr_stocks_nifty_505
165,,2024-12-03 15:38:45+00:00,-1001923600221,18991,https://t.me/Zero_to_hero_sr_stocks_nifty_505
166,"**300 To 350++++ 3rd Target Hit ğŸ¯ ğŸ†ğŸ“ˆ

Book Your 100% Profit ğŸ˜ğŸ˜ğŸ™â¤ï¸


BOOK PROFIT Trail stop loss in profitğŸ’â¤ï¸**",2024-12-03 07:00:42+00:00,-1001923600221,18983,https://t.me/Zero_to_hero_sr_stocks_nifty_505
167,,2024-12-03 07:00:19+00:00,-1001923600221,18982,https://t.me/Zero_to_hero_sr_stocks_nifty_505
168,,2024-12-03 07:00:19+00:00,-1001923600221,18981,https://t.me/Zero_to_hero_sr_stocks_nifty_505
169,,2024-12-03 07:00:19+00:00,-1001923600221,18980,https://t.me/Zero_to_hero_sr_stocks_nifty_505
170,,2024-12-03 07:00:19+00:00,-1001923600221,18979,https://t.me/Zero_to_hero_sr_stocks_nifty_505
171,,2024-12-03 07:00:19+00:00,-1001923600221,18978,https://t.me/Zero_to_hero_sr_stocks_nifty_505
172,,2024-12-03 07:00:19+00:00,-1001923600221,18977,https://t.me/Zero_to_hero_sr_stocks_nifty_505
173,**300â‚¹ To 350â‚¹ ğŸ†ğŸ“ˆâ¤ï¸**,2024-12-03 06:58:07+00:00,-1001923600221,18976,https://t.me/Zero_to_hero_sr_stocks_nifty_505
174,"**300 To 340++++ 2nd Target Hit ğŸ¯ ğŸ†ğŸ“ˆ

Book Your 70% Profit ğŸ˜ğŸ˜ğŸ™â¤ï¸


BOOK PROFIT Trail stop loss in profitğŸ’â¤ï¸**",2024-12-03 06:57:53+00:00,-1001923600221,18975,https://t.me/Zero_to_hero_sr_stocks_nifty_505
175,**300â‚¹ To 340â‚¹ ğŸ†ğŸ“ˆâ¤ï¸**,2024-12-03 06:57:28+00:00,-1001923600221,18974,https://t.me/Zero_to_hero_sr_stocks_nifty_505
176,"**à¤¦à¥‹à¤¸à¥à¤¤à¥‹ à¤–à¥à¤¦ à¤Ÿà¥à¤°à¥‡à¤¡à¤¿à¤‚à¤— à¤•à¤° à¤•à¤° à¤•à¥‡ Loss à¤®à¤¤ à¤•à¤°à¥‹....!!

à¤à¤• à¤¬à¤¾à¤° à¤¹à¤®à¤¾à¤°à¥‡ à¤ªà¤¾à¤¸ à¤‡à¤¨à¥à¤µà¥‡à¤¸à¥à¤Ÿ à¤•à¤°à¤•à¥‡ Result Dekho....ğŸ’ğŸ’°ğŸ’¯

Daily Earning Karoge....!!

à¤®à¥‡à¤°à¥€ Guarantee à¤¹à¥ˆà¤‚....ğŸ˜ğŸ’°ğŸ’¯

à¤°à¥‹à¤œà¤¾à¤¨à¤¾ à¤²à¥‹à¤¸ à¤•à¤°à¤¨à¥‡ à¤¸à¥‡ à¤…à¤šà¥à¤›à¤¾ à¤¹à¥ˆ à¤¡à¤¾à¤¯à¤°à¥‡à¤•à¥à¤Ÿ à¤¹à¤®à¤¾à¤°à¥‡ à¤ªà¤¾à¤¸ à¤‡à¤¨à¥à¤µà¥‡à¤¸à¥à¤Ÿ à¤•à¤°à¥‹ à¤”à¤° à¤°à¥‹à¤œà¤¾à¤¨à¤¾ à¤†à¤°à¤¾à¤® à¤¸à¥‡ à¤•à¤®à¤¾à¤“....!

**https://wa.me/+916378809418/?text=*HELLO-MONEY-INVEST-SIR*
https://wa.me/+916378809418/?text=*HELLO-MONEY-INVEST-SIR*",2024-12-03 04:28:52+00:00,-1001923600221,18964,https://t.me/Zero_to_hero_sr_stocks_nifty_505
177,,2024-12-03 04:19:13+00:00,-1001923600221,18950,https://t.me/Zero_to_hero_sr_stocks_nifty_505
178,,2024-12-03 04:19:13+00:00,-1001923600221,18949,https://t.me/Zero_to_hero_sr_stocks_nifty_505
179,,2024-12-03 04:19:13+00:00,-1001923600221,18948,https://t.me/Zero_to_hero_sr_stocks_nifty_505
180,,2024-12-03 04:19:13+00:00,-1001923600221,18947,https://t.me/Zero_to_hero_sr_stocks_nifty_505
181,,2024-12-03 04:19:13+00:00,-1001923600221,18946,https://t.me/Zero_to_hero_sr_stocks_nifty_505
182,,2024-12-03 04:19:13+00:00,-1001923600221,18945,https://t.me/Zero_to_hero_sr_stocks_nifty_505
183,,2024-12-03 04:19:13+00:00,-1001923600221,18944,https://t.me/Zero_to_hero_sr_stocks_nifty_505
184,,2024-12-03 04:19:13+00:00,-1001923600221,18943,https://t.me/Zero_to_hero_sr_stocks_nifty_505
185,,2024-12-03 04:19:13+00:00,-1001923600221,18942,https://t.me/Zero_to_hero_sr_stocks_nifty_505
186,,2024-12-03 04:19:13+00:00,-1001923600221,18941,https://t.me/Zero_to_hero_sr_stocks_nifty_505
187,"**300 To 330++++ 1st Target Hit ğŸ¯ ğŸ†ğŸ“ˆ

Book Your 50% Profit ğŸ˜ğŸ˜ğŸ™â¤ï¸


BOOK PROFIT Trail stop loss in profitğŸ’â¤ï¸**",2024-12-03 04:14:27+00:00,-1001923600221,18939,https://t.me/Zero_to_hero_sr_stocks_nifty_505
188,**300â‚¹ To 330â‚¹ ğŸ†ğŸ“ˆâ¤ï¸**,2024-12-03 04:14:10+00:00,-1001923600221,18938,https://t.me/Zero_to_hero_sr_stocks_nifty_505
189,**300â‚¹ To 320â‚¹ ğŸ†ğŸ“ˆâ¤ï¸**,2024-12-03 04:12:44+00:00,-1001923600221,18936,https://t.me/Zero_to_hero_sr_stocks_nifty_505
190,**300â‚¹ To 310â‚¹ ğŸ†ğŸ“ˆâ¤ï¸**,2024-12-03 04:12:38+00:00,-1001923600221,18935,https://t.me/Zero_to_hero_sr_stocks_nifty_505
191,**300â‚¹ To 300â‚¹ ğŸ†ğŸ“ˆâ¤ï¸**,2024-12-03 04:12:24+00:00,-1001923600221,18934,https://t.me/Zero_to_hero_sr_stocks_nifty_505
192,"**BANKNIFTY 24 DECÂ  53800 CE**__

ğŸ› BUY ABOVE :- __300__

ğŸ“Š Current Price : __300__


**Target..330//340//350++**

â˜ ï¸ **Stoploss : PAID**__",2024-12-03 04:00:34+00:00,-1001923600221,18933,https://t.me/Zero_to_hero_sr_stocks_nifty_505
193,"ğ—šğ—¢ğ—¢ğ—— ğ— ğ—¢ğ—¥ğ—¡ğ—œğ—¡ğ—š ğ—”ğ—Ÿğ—Ÿ ğ—§ğ—¥ğ—”ğ——ğ—˜ğ—¥ğ—¦ â¤ï¸

ğ—›ğ—”ğ—©ğ—˜ ğ—” ğ—šğ—¢ğ—¢ğ—— ğ——ğ—”ğ—¬ ğ—§ğ—¢ğ——ğ—”ğ—¬ ğŸ˜Šâ™¥ï¸",2024-12-03 02:48:19+00:00,-1001923600221,18925,https://t.me/Zero_to_hero_sr_stocks_nifty_505
194,"**TODAY FII&DII DATA:- 02-12-2024

FII SELL NET ğŸ‘‰ 238.28 Cr.ğŸ”»

DII BUY NET ğŸ‘‰ 3588.66 Cr. â˜˜

NET BUYING :-Â  3350.38 Cr. ğŸŸ¢**",2024-12-02 14:32:02+00:00,-1001923600221,18922,https://t.me/Zero_to_hero_sr_stocks_nifty_505
195,"**200 To 230++++ 1st Target Hit ğŸ¯ ğŸ†ğŸ“ˆ

Book Your 50% Profit ğŸ˜ğŸ˜ğŸ™â¤ï¸


BOOK PROFIT Trail stop loss in profitğŸ’â¤ï¸**",2024-12-02 04:10:38+00:00,-1001923600221,18871,https://t.me/Zero_to_hero_sr_stocks_nifty_505
196,**200â‚¹ To 230â‚¹ ğŸ†ğŸ“ˆâ¤ï¸**,2024-12-02 04:10:10+00:00,-1001923600221,18870,https://t.me/Zero_to_hero_sr_stocks_nifty_505
197,**200â‚¹ To 220â‚¹ ğŸ†ğŸ“ˆâ¤ï¸**,2024-12-02 04:10:06+00:00,-1001923600221,18869,https://t.me/Zero_to_hero_sr_stocks_nifty_505
198,**200â‚¹ To 210â‚¹ ğŸ†ğŸ“ˆâ¤ï¸**,2024-12-02 04:10:02+00:00,-1001923600221,18868,https://t.me/Zero_to_hero_sr_stocks_nifty_505
199,**200â‚¹ To 200â‚¹ ğŸ†ğŸ“ˆâ¤ï¸**,2024-12-02 04:09:55+00:00,-1001923600221,18867,https://t.me/Zero_to_hero_sr_stocks_nifty_505
200,"**BANKNIFTY 24 DECÂ  53800 CE**__

ğŸ› BUY ABOVE :- __200__

ğŸ“Š Current Price : __200__


**Target..230//240//250++**

â˜ ï¸ **Stoploss : PAID**__",2024-12-02 04:08:58+00:00,-1001923600221,18866,https://t.me/Zero_to_hero_sr_stocks_nifty_505
201,"ğ—šğ—¢ğ—¢ğ—— ğ— ğ—¢ğ—¥ğ—¡ğ—œğ—¡ğ—š ğ—”ğ—Ÿğ—Ÿ ğ—§ğ—¥ğ—”ğ——ğ—˜ğ—¥ğ—¦ â¤ï¸

ğ—›ğ—”ğ—©ğ—˜ ğ—” ğ—šğ—¢ğ—¢ğ—— ğ——ğ—”ğ—¬ ğ—§ğ—¢ğ——ğ—”ğ—¬ ğŸ˜Šâ™¥ï¸",2024-12-02 02:26:51+00:00,-1001923600221,18864,https://t.me/Zero_to_hero_sr_stocks_nifty_505
202,"**TODAY FII&DII DATA:- 29-11-2024

FII SELL NET ğŸ‘‰ 4383.55 Cr.ğŸ”»

DII BUY NET ğŸ‘‰ 5723.34 Cr. â˜˜

NET BUYING :-Â  1374.79 Cr. ğŸŸ¢**",2024-11-29 17:03:18+00:00,-1001923600221,18862,https://t.me/Zero_to_hero_sr_stocks_nifty_505
203,,2024-11-29 13:25:48+00:00,-1001923600221,18860,https://t.me/Zero_to_hero_sr_stocks_nifty_505
204,**4.75 lacs ++++ profit booked ğŸ˜ğŸ˜ğŸ˜ğŸ˜**,2024-11-29 13:25:48+00:00,-1001923600221,18859,https://t.me/Zero_to_hero_sr_stocks_nifty_505
205,,2024-11-29 13:24:55+00:00,-1001923600221,18857,https://t.me/Zero_to_hero_sr_stocks_nifty_505
206,,2024-11-29 13:24:55+00:00,-1001923600221,18856,https://t.me/Zero_to_hero_sr_stocks_nifty_505
207,,2024-11-29 13:24:55+00:00,-1001923600221,18855,https://t.me/Zero_to_hero_sr_stocks_nifty_505
208,,2024-11-29 13:24:55+00:00,-1001923600221,18854,https://t.me/Zero_to_hero_sr_stocks_nifty_505
209,,2024-11-29 13:24:55+00:00,-1001923600221,18853,https://t.me/Zero_to_hero_sr_stocks_nifty_505
210,,2024-11-29 13:24:54+00:00,-1001923600221,18852,https://t.me/Zero_to_hero_sr_stocks_nifty_505
211,,2024-11-29 13:24:54+00:00,-1001923600221,18851,https://t.me/Zero_to_hero_sr_stocks_nifty_505
212,,2024-11-29 13:24:54+00:00,-1001923600221,18850,https://t.me/Zero_to_hero_sr_stocks_nifty_505
213,,2024-11-29 13:24:54+00:00,-1001923600221,18849,https://t.me/Zero_to_hero_sr_stocks_nifty_505
214,,2024-11-29 13:24:54+00:00,-1001923600221,18848,https://t.me/Zero_to_hero_sr_stocks_nifty_505
215,,2024-11-29 13:24:51+00:00,-1001923600221,18847,https://t.me/Zero_to_hero_sr_stocks_nifty_505
216,,2024-11-29 13:24:51+00:00,-1001923600221,18846,https://t.me/Zero_to_hero_sr_stocks_nifty_505
217,,2024-11-29 13:24:51+00:00,-1001923600221,18845,https://t.me/Zero_to_hero_sr_stocks_nifty_505
218,,2024-11-29 13:24:51+00:00,-1001923600221,18844,https://t.me/Zero_to_hero_sr_stocks_nifty_505
219,,2024-11-29 13:24:51+00:00,-1001923600221,18843,https://t.me/Zero_to_hero_sr_stocks_nifty_505
220,,2024-11-29 13:24:50+00:00,-1001923600221,18842,https://t.me/Zero_to_hero_sr_stocks_nifty_505
221,,2024-11-29 13:24:50+00:00,-1001923600221,18841,https://t.me/Zero_to_hero_sr_stocks_nifty_505
222,,2024-11-29 13:24:50+00:00,-1001923600221,18840,https://t.me/Zero_to_hero_sr_stocks_nifty_505
223,,2024-11-29 13:24:50+00:00,-1001923600221,18839,https://t.me/Zero_to_hero_sr_stocks_nifty_505
224,,2024-11-29 13:24:50+00:00,-1001923600221,18838,https://t.me/Zero_to_hero_sr_stocks_nifty_505
225,,2024-11-29 10:46:00+00:00,-1001923600221,18835,https://t.me/Zero_to_hero_sr_stocks_nifty_505
226,,2024-11-29 10:45:59+00:00,-1001923600221,18834,https://t.me/Zero_to_hero_sr_stocks_nifty_505
227,,2024-11-29 10:45:59+00:00,-1001923600221,18833,https://t.me/Zero_to_hero_sr_stocks_nifty_505
228,,2024-11-29 10:45:59+00:00,-1001923600221,18832,https://t.me/Zero_to_hero_sr_stocks_nifty_505
229,,2024-11-29 10:45:59+00:00,-1001923600221,18831,https://t.me/Zero_to_hero_sr_stocks_nifty_505
230,,2024-11-29 10:45:59+00:00,-1001923600221,18830,https://t.me/Zero_to_hero_sr_stocks_nifty_505
231,,2024-11-29 10:45:59+00:00,-1001923600221,18829,https://t.me/Zero_to_hero_sr_stocks_nifty_505
232,,2024-11-29 10:45:59+00:00,-1001923600221,18828,https://t.me/Zero_to_hero_sr_stocks_nifty_505
233,,2024-11-29 10:45:59+00:00,-1001923600221,18827,https://t.me/Zero_to_hero_sr_stocks_nifty_505
234,,2024-11-29 05:02:10+00:00,-1001923600221,18823,https://t.me/Zero_to_hero_sr_stocks_nifty_505
235,,2024-11-29 05:02:10+00:00,-1001923600221,18822,https://t.me/Zero_to_hero_sr_stocks_nifty_505
236,,2024-11-29 05:02:10+00:00,-1001923600221,18821,https://t.me/Zero_to_hero_sr_stocks_nifty_505
237,,2024-11-29 05:02:10+00:00,-1001923600221,18820,https://t.me/Zero_to_hero_sr_stocks_nifty_505
238,,2024-11-29 05:02:10+00:00,-1001923600221,18819,https://t.me/Zero_to_hero_sr_stocks_nifty_505
239,,2024-11-29 05:02:10+00:00,-1001923600221,18818,https://t.me/Zero_to_hero_sr_stocks_nifty_505
240,,2024-11-29 05:02:09+00:00,-1001923600221,18817,https://t.me/Zero_to_hero_sr_stocks_nifty_505
241,,2024-11-29 05:02:09+00:00,-1001923600221,18816,https://t.me/Zero_to_hero_sr_stocks_nifty_505
242,,2024-11-29 05:02:09+00:00,-1001923600221,18815,https://t.me/Zero_to_hero_sr_stocks_nifty_505
243,"**âœ”ï¸Payment SuccessfullyğŸ™

Investment Of 30,000/-

Return with profit 1,50,000/-

Whatsapp Massage ğŸ“±
**https://wa.me/+916378809418/?text=*HELLO-MONEY-INVEST-SIR*
https://wa.me/+916378809418/?text=*HELLO-MONEY-INVEST-SIR*",2024-11-29 05:02:09+00:00,-1001923600221,18814,https://t.me/Zero_to_hero_sr_stocks_nifty_505
244,"**400 To 450++++ 3rd Target Hit ğŸ¯ ğŸ†ğŸ“ˆ

Book Your 100% Profit ğŸ˜ğŸ˜ğŸ™â¤ï¸


BOOK PROFIT Trail stop loss in profitğŸ’â¤ï¸**",2024-11-29 04:50:07+00:00,-1001923600221,18808,https://t.me/Zero_to_hero_sr_stocks_nifty_505
245,**400â‚¹ To 450â‚¹ ğŸ†ğŸ“ˆâ¤ï¸**,2024-11-29 04:49:47+00:00,-1001923600221,18807,https://t.me/Zero_to_hero_sr_stocks_nifty_505
246,,2024-11-29 04:49:22+00:00,-1001923600221,18806,https://t.me/Zero_to_hero_sr_stocks_nifty_505
247,,2024-11-29 04:49:22+00:00,-1001923600221,18805,https://t.me/Zero_to_hero_sr_stocks_nifty_505
248,,2024-11-29 04:49:22+00:00,-1001923600221,18804,https://t.me/Zero_to_hero_sr_stocks_nifty_505
249,,2024-11-29 04:49:22+00:00,-1001923600221,18803,https://t.me/Zero_to_hero_sr_stocks_nifty_505
250,,2024-11-29 04:49:22+00:00,-1001923600221,18802,https://t.me/Zero_to_hero_sr_stocks_nifty_505
251,,2024-11-29 04:49:21+00:00,-1001923600221,18801,https://t.me/Zero_to_hero_sr_stocks_nifty_505
252,,2024-11-29 04:49:21+00:00,-1001923600221,18800,https://t.me/Zero_to_hero_sr_stocks_nifty_505
253,,2024-11-29 04:49:21+00:00,-1001923600221,18799,https://t.me/Zero_to_hero_sr_stocks_nifty_505
254,,2024-11-29 04:49:21+00:00,-1001923600221,18798,https://t.me/Zero_to_hero_sr_stocks_nifty_505
255,,2024-11-29 04:49:21+00:00,-1001923600221,18797,https://t.me/Zero_to_hero_sr_stocks_nifty_505
256,"**400 To 440++++ 2nd Target Hit ğŸ¯ ğŸ†ğŸ“ˆ

Book Your 70% Profit ğŸ˜ğŸ˜ğŸ™â¤ï¸


BOOK PROFIT Trail stop loss in profitğŸ’â¤ï¸**",2024-11-29 04:44:16+00:00,-1001923600221,18795,https://t.me/Zero_to_hero_sr_stocks_nifty_505
257,**400â‚¹ To 440â‚¹ ğŸ†ğŸ“ˆâ¤ï¸**,2024-11-29 04:43:52+00:00,-1001923600221,18794,https://t.me/Zero_to_hero_sr_stocks_nifty_505
258,"**400 To 430++++ 1st Target Hit ğŸ¯ ğŸ†ğŸ“ˆ

Book Your 50% Profit ğŸ˜ğŸ˜ğŸ™â¤ï¸


BOOK PROFIT Trail stop loss in profitğŸ’â¤ï¸**",2024-11-29 04:43:40+00:00,-1001923600221,18793,https://t.me/Zero_to_hero_sr_stocks_nifty_505
259,**400â‚¹ To 430â‚¹ ğŸ†ğŸ“ˆâ¤ï¸**,2024-11-29 04:43:22+00:00,-1001923600221,18792,https://t.me/Zero_to_hero_sr_stocks_nifty_505
260,**400â‚¹ To 420â‚¹ ğŸ†ğŸ“ˆâ¤ï¸**,2024-11-29 04:43:22+00:00,-1001923600221,18791,https://t.me/Zero_to_hero_sr_stocks_nifty_505
261,**400â‚¹ To 410â‚¹ ğŸ†ğŸ“ˆâ¤ï¸**,2024-11-29 04:43:22+00:00,-1001923600221,18790,https://t.me/Zero_to_hero_sr_stocks_nifty_505
262,**400â‚¹ To 400â‚¹ ğŸ†ğŸ“ˆâ¤ï¸**,2024-11-29 04:43:22+00:00,-1001923600221,18789,https://t.me/Zero_to_hero_sr_stocks_nifty_505
263,"**BANKNIFTY 24 DECÂ  51000 PE**__

ğŸ› BUY ABOVE :- __400__

ğŸ“Š Current Price : __400__


**Target..430//440//450++**

â˜ ï¸ **Stoploss : PAID**__",2024-11-29 04:41:41+00:00,-1001923600221,18788,https://t.me/Zero_to_hero_sr_stocks_nifty_505
264,"ğ—šğ—¢ğ—¢ğ—— ğ— ğ—¢ğ—¥ğ—¡ğ—œğ—¡ğ—š ğ—”ğ—Ÿğ—Ÿ ğ—§ğ—¥ğ—”ğ——ğ—˜ğ—¥ğ—¦ â¤ï¸

ğ—›ğ—”ğ—©ğ—˜ ğ—” ğ—šğ—¢ğ—¢ğ—— ğ——ğ—”ğ—¬ ğ—§ğ—¢ğ——ğ—”ğ—¬ ğŸ˜Šâ™¥ï¸",2024-11-29 02:18:22+00:00,-1001923600221,18780,https://t.me/Zero_to_hero_sr_stocks_nifty_505
265,"**TODAY FII&DII DATA:- 28-11-2024

FII SELL NET ğŸ‘‰ 11756.25 Cr.ğŸ”»

DII BUY NET ğŸ‘‰ 8718.30 Cr. â˜˜

NET SELLING :-Â  3037.95 Cr. ğŸ”´**",2024-11-28 14:11:40+00:00,-1001923600221,18778,https://t.me/Zero_to_hero_sr_stocks_nifty_505
266,,2024-11-28 08:27:16+00:00,-1001923600221,18774,https://t.me/Zero_to_hero_sr_stocks_nifty_505
267,,2024-11-28 08:27:04+00:00,-1001923600221,18773,https://t.me/Zero_to_hero_sr_stocks_nifty_505
268,,2024-11-28 08:27:04+00:00,-1001923600221,18772,https://t.me/Zero_to_hero_sr_stocks_nifty_505
269,,2024-11-28 08:27:04+00:00,-1001923600221,18771,https://t.me/Zero_to_hero_sr_stocks_nifty_505
270,,2024-11-28 08:27:04+00:00,-1001923600221,18770,https://t.me/Zero_to_hero_sr_stocks_nifty_505
271,,2024-11-28 08:27:03+00:00,-1001923600221,18769,https://t.me/Zero_to_hero_sr_stocks_nifty_505
272,,2024-11-28 08:27:03+00:00,-1001923600221,18768,https://t.me/Zero_to_hero_sr_stocks_nifty_505
273,,2024-11-28 08:27:03+00:00,-1001923600221,18767,https://t.me/Zero_to_hero_sr_stocks_nifty_505
274,,2024-11-28 08:27:03+00:00,-1001923600221,18766,https://t.me/Zero_to_hero_sr_stocks_nifty_505
275,,2024-11-28 08:27:03+00:00,-1001923600221,18765,https://t.me/Zero_to_hero_sr_stocks_nifty_505
276,,2024-11-28 08:27:03+00:00,-1001923600221,18764,https://t.me/Zero_to_hero_sr_stocks_nifty_505
277,,2024-11-28 06:39:23+00:00,-1001923600221,18756,https://t.me/Zero_to_hero_sr_stocks_nifty_505
278,,2024-11-28 06:39:23+00:00,-1001923600221,18755,https://t.me/Zero_to_hero_sr_stocks_nifty_505
279,,2024-11-28 06:39:23+00:00,-1001923600221,18754,https://t.me/Zero_to_hero_sr_stocks_nifty_505
280,,2024-11-28 06:39:22+00:00,-1001923600221,18753,https://t.me/Zero_to_hero_sr_stocks_nifty_505
281,,2024-11-28 06:39:22+00:00,-1001923600221,18752,https://t.me/Zero_to_hero_sr_stocks_nifty_505
282,,2024-11-28 06:39:22+00:00,-1001923600221,18751,https://t.me/Zero_to_hero_sr_stocks_nifty_505
283,"**à¤¦à¥‹à¤¸à¥à¤¤à¥‹ à¤–à¥à¤¦ à¤Ÿà¥à¤°à¥‡à¤¡à¤¿à¤‚à¤— à¤•à¤° à¤•à¤° à¤•à¥‡ Loss à¤®à¤¤ à¤•à¤°à¥‹....!!

à¤à¤• à¤¬à¤¾à¤° à¤¹à¤®à¤¾à¤°à¥‡ à¤ªà¤¾à¤¸ à¤‡à¤¨à¥à¤µà¥‡à¤¸à¥à¤Ÿ à¤•à¤°à¤•à¥‡ Result Dekho....ğŸ’ğŸ’°ğŸ’¯

Daily Earning Karoge....!!

à¤®à¥‡à¤°à¥€ Guarantee à¤¹à¥ˆà¤‚....ğŸ˜ğŸ’°ğŸ’¯

à¤°à¥‹à¤œà¤¾à¤¨à¤¾ à¤²à¥‹à¤¸ à¤•à¤°à¤¨à¥‡ à¤¸à¥‡ à¤…à¤šà¥à¤›à¤¾ à¤¹à¥ˆ à¤¡à¤¾à¤¯à¤°à¥‡à¤•à¥à¤Ÿ à¤¹à¤®à¤¾à¤°à¥‡ à¤ªà¤¾à¤¸ à¤‡à¤¨à¥à¤µà¥‡à¤¸à¥à¤Ÿ à¤•à¤°à¥‹ à¤”à¤° à¤°à¥‹à¤œà¤¾à¤¨à¤¾ à¤†à¤°à¤¾à¤® à¤¸à¥‡ à¤•à¤®à¤¾à¤“....!

**https://wa.me/+916378809418/?text=*HELLO-MONEY-INVEST-SIR*
https://wa.me/+916378809418/?text=*HELLO-MONEY-INVEST-SIR*",2024-11-28 05:45:22+00:00,-1001923600221,18747,https://t.me/Zero_to_hero_sr_stocks_nifty_505
284,**290â‚¹ To 390â‚¹ ğŸ†ğŸ“ˆâ¤ï¸**,2024-11-28 04:45:38+00:00,-1001923600221,18732,https://t.me/Zero_to_hero_sr_stocks_nifty_505
285,**290â‚¹ To 380â‚¹ ğŸ†ğŸ“ˆâ¤ï¸**,2024-11-28 04:45:32+00:00,-1001923600221,18731,https://t.me/Zero_to_hero_sr_stocks_nifty_505
286,**290â‚¹ To 370â‚¹ ğŸ†ğŸ“ˆâ¤ï¸**,2024-11-28 04:45:27+00:00,-1001923600221,18730,https://t.me/Zero_to_hero_sr_stocks_nifty_505
287,**290â‚¹ To 360â‚¹ ğŸ†ğŸ“ˆâ¤ï¸**,2024-11-28 04:45:21+00:00,-1001923600221,18729,https://t.me/Zero_to_hero_sr_stocks_nifty_505
288,**290â‚¹ To 350â‚¹ ğŸ†ğŸ“ˆâ¤ï¸**,2024-11-28 04:45:15+00:00,-1001923600221,18728,https://t.me/Zero_to_hero_sr_stocks_nifty_505
289,,2024-11-28 04:45:02+00:00,-1001923600221,18727,https://t.me/Zero_to_hero_sr_stocks_nifty_505
290,,2024-11-28 04:45:02+00:00,-1001923600221,18726,https://t.me/Zero_to_hero_sr_stocks_nifty_505
291,,2024-11-28 04:45:02+00:00,-1001923600221,18725,https://t.me/Zero_to_hero_sr_stocks_nifty_505
292,,2024-11-28 04:45:02+00:00,-1001923600221,18724,https://t.me/Zero_to_hero_sr_stocks_nifty_505
293,,2024-11-28 04:45:01+00:00,-1001923600221,18723,https://t.me/Zero_to_hero_sr_stocks_nifty_505
294,,2024-11-28 04:45:01+00:00,-1001923600221,18722,https://t.me/Zero_to_hero_sr_stocks_nifty_505
295,"**290 To 340++++ 3rd Target Hit ğŸ¯ ğŸ†ğŸ“ˆ

Book Your 100% Profit ğŸ˜ğŸ˜ğŸ™â¤ï¸


BOOK PROFIT Trail stop loss in profitğŸ’â¤ï¸**",2024-11-28 04:22:50+00:00,-1001923600221,18717,https://t.me/Zero_to_hero_sr_stocks_nifty_505
296,**290â‚¹ To 340â‚¹ ğŸ†ğŸ“ˆâ¤ï¸**,2024-11-28 04:22:25+00:00,-1001923600221,18716,https://t.me/Zero_to_hero_sr_stocks_nifty_505
297,,2024-11-28 04:21:08+00:00,-1001923600221,18714,https://t.me/Zero_to_hero_sr_stocks_nifty_505
298,,2024-11-28 04:21:08+00:00,-1001923600221,18713,https://t.me/Zero_to_hero_sr_stocks_nifty_505
299,,2024-11-28 04:21:08+00:00,-1001923600221,18712,https://t.me/Zero_to_hero_sr_stocks_nifty_505
300,,2024-11-28 04:21:08+00:00,-1001923600221,18711,https://t.me/Zero_to_hero_sr_stocks_nifty_505
301,,2024-11-28 04:21:07+00:00,-1001923600221,18710,https://t.me/Zero_to_hero_sr_stocks_nifty_505
302,,2024-11-28 04:21:07+00:00,-1001923600221,18709,https://t.me/Zero_to_hero_sr_stocks_nifty_505
303,,2024-11-28 04:21:07+00:00,-1001923600221,18708,https://t.me/Zero_to_hero_sr_stocks_nifty_505
304,,2024-11-28 04:21:07+00:00,-1001923600221,18707,https://t.me/Zero_to_hero_sr_stocks_nifty_505
305,,2024-11-28 04:21:07+00:00,-1001923600221,18706,https://t.me/Zero_to_hero_sr_stocks_nifty_505
306,,2024-11-28 04:21:07+00:00,-1001923600221,18705,https://t.me/Zero_to_hero_sr_stocks_nifty_505
307,"**à¤¸à¥à¤¬à¤¹ à¤•à¥€ à¤¶à¥à¤°à¥à¤µà¤¾à¤¤ à¤¹à¥à¤ˆ à¤§à¤®à¤¾à¤•à¥‡à¤¦à¤¾à¤° à¤Ÿà¥à¤°à¥‡à¤¡ à¤•à¥‡ à¤¸à¤¾à¤¥ ğŸ˜ğŸ˜ğŸ˜

à¤à¤•à¥à¤¯à¥‚à¤°à¥‡à¤¸à¥€ à¤¹à¥€ à¤¹à¤®à¤¾à¤°à¥€ à¤ªà¤¹à¤šà¤¾à¤¨ à¤¹à¥ˆ, à¤•à¤® à¤•à¥‰à¤² à¤ªà¤° à¤¸à¤Ÿà¥€à¤• à¤•à¥‰à¤²

à¤à¤¸à¥‡ à¤¹à¥€ à¤¸à¤Ÿà¥€à¤• à¤à¤‚à¤Ÿà¥à¤°à¥€ à¤”à¤° à¤à¤—à¥à¤œà¤¿à¤Ÿ à¤ªà¤¾à¤¨à¥‡ à¤•à¥‡ à¤²à¤¿à¤ à¤…à¤­à¥€ à¤œà¥à¤µà¥‰à¤‡à¤¨ à¤•à¤°à¥‡ à¤¹à¤®à¤¾à¤°à¤¾ INVEST PLAN**

https://wa.me/+916378809418/?text=*HELLO-MONEY-INVEST-SIR*
https://wa.me/+916378809418/?text=*HELLO-MONEY-INVEST-SIR*",2024-11-28 04:14:50+00:00,-1001923600221,18703,https://t.me/Zero_to_hero_sr_stocks_nifty_505
308,"**290 To 330++++ 2nd Target Hit ğŸ¯ ğŸ†ğŸ“ˆ

Book Your 70% Profit ğŸ˜ğŸ˜ğŸ™â¤ï¸


BOOK PROFIT Trail stop loss in profitğŸ’â¤ï¸**",2024-11-28 04:12:18+00:00,-1001923600221,18701,https://t.me/Zero_to_hero_sr_stocks_nifty_505
309,**290â‚¹ To 330â‚¹ ğŸ†ğŸ“ˆâ¤ï¸**,2024-11-28 04:11:55+00:00,-1001923600221,18700,https://t.me/Zero_to_hero_sr_stocks_nifty_505
310,"**290 To 320++++ 1st Target Hit ğŸ¯ ğŸ†ğŸ“ˆ

Book Your 50% Profit ğŸ˜ğŸ˜ğŸ™â¤ï¸


BOOK PROFIT Trail stop loss in profitğŸ’â¤ï¸**",2024-11-28 04:11:43+00:00,-1001923600221,18699,https://t.me/Zero_to_hero_sr_stocks_nifty_505
311,**290â‚¹ To 320â‚¹ ğŸ†ğŸ“ˆâ¤ï¸**,2024-11-28 04:11:17+00:00,-1001923600221,18698,https://t.me/Zero_to_hero_sr_stocks_nifty_505
312,**290â‚¹ To 310â‚¹ ğŸ†ğŸ“ˆâ¤ï¸**,2024-11-28 04:11:12+00:00,-1001923600221,18697,https://t.me/Zero_to_hero_sr_stocks_nifty_505
313,**290â‚¹ To 300â‚¹ ğŸ†ğŸ“ˆâ¤ï¸**,2024-11-28 04:11:07+00:00,-1001923600221,18696,https://t.me/Zero_to_hero_sr_stocks_nifty_505
314,**290â‚¹ To 290â‚¹ ğŸ†ğŸ“ˆâ¤ï¸**,2024-11-28 04:10:56+00:00,-1001923600221,18695,https://t.me/Zero_to_hero_sr_stocks_nifty_505
315,"**BANKNIFTY 24 DECÂ  54000 CE**__

ğŸ› BUY ABOVE :- __290__

ğŸ“Š Current Price : __290__


**Target..320//330//340++**

â˜ ï¸ **Stoploss : PAID**__",2024-11-28 04:10:12+00:00,-1001923600221,18694,https://t.me/Zero_to_hero_sr_stocks_nifty_505
316,"ğ—šğ—¢ğ—¢ğ—— ğ— ğ—¢ğ—¥ğ—¡ğ—œğ—¡ğ—š ğ—”ğ—Ÿğ—Ÿ ğ—§ğ—¥ğ—”ğ——ğ—˜ğ—¥ğ—¦ â¤ï¸

ğ—›ğ—”ğ—©ğ—˜ ğ—” ğ—šğ—¢ğ—¢ğ—— ğ——ğ—”ğ—¬ ğ—§ğ—¢ğ——ğ—”ğ—¬ ğŸ˜Šâ™¥ï¸",2024-11-28 02:59:11+00:00,-1001923600221,18690,https://t.me/Zero_to_hero_sr_stocks_nifty_505
317,"**TODAY FII&DII DATA:- 27-11-2024

FII BUY NET ğŸ‘‰ 7.78 Cr. â˜˜ (à¤›à¤¿)

DII BUY NET ğŸ‘‰ 1301.97 Cr. â˜˜

NET BUYING :-Â  1309.75 Cr. ğŸŸ¢ 

DII TO FII ğŸ‘‰ à¤•à¥à¤¯à¤¾ FII à¤¬à¤¨à¥‡à¤—à¤¾ à¤°à¥‡ à¤¤à¥‚à¥¤ ğŸ˜‚ğŸ˜‚**",2024-11-27 13:32:39+00:00,-1001923600221,18682,https://t.me/Zero_to_hero_sr_stocks_nifty_505
318,,2024-11-27 12:30:01+00:00,-1001923600221,18678,https://t.me/Zero_to_hero_sr_stocks_nifty_505
319,,2024-11-27 12:30:01+00:00,-1001923600221,18677,https://t.me/Zero_to_hero_sr_stocks_nifty_505
320,,2024-11-27 12:30:01+00:00,-1001923600221,18676,https://t.me/Zero_to_hero_sr_stocks_nifty_505
321,,2024-11-27 12:30:01+00:00,-1001923600221,18675,https://t.me/Zero_to_hero_sr_stocks_nifty_505
322,,2024-11-27 12:30:01+00:00,-1001923600221,18674,https://t.me/Zero_to_hero_sr_stocks_nifty_505
323,,2024-11-27 12:30:01+00:00,-1001923600221,18673,https://t.me/Zero_to_hero_sr_stocks_nifty_505
324,,2024-11-27 12:30:00+00:00,-1001923600221,18672,https://t.me/Zero_to_hero_sr_stocks_nifty_505
325,,2024-11-27 12:30:00+00:00,-1001923600221,18671,https://t.me/Zero_to_hero_sr_stocks_nifty_505
326,,2024-11-27 12:30:00+00:00,-1001923600221,18670,https://t.me/Zero_to_hero_sr_stocks_nifty_505
327,,2024-11-27 12:30:00+00:00,-1001923600221,18669,https://t.me/Zero_to_hero_sr_stocks_nifty_505
328,,2024-11-27 07:31:07+00:00,-1001923600221,18653,https://t.me/Zero_to_hero_sr_stocks_nifty_505
329,,2024-11-27 07:31:07+00:00,-1001923600221,18652,https://t.me/Zero_to_hero_sr_stocks_nifty_505
330,,2024-11-27 07:31:07+00:00,-1001923600221,18651,https://t.me/Zero_to_hero_sr_stocks_nifty_505
331,,2024-11-27 07:31:07+00:00,-1001923600221,18650,https://t.me/Zero_to_hero_sr_stocks_nifty_505
332,,2024-11-27 07:31:06+00:00,-1001923600221,18649,https://t.me/Zero_to_hero_sr_stocks_nifty_505
333,,2024-11-27 07:31:06+00:00,-1001923600221,18648,https://t.me/Zero_to_hero_sr_stocks_nifty_505
334,,2024-11-27 07:31:06+00:00,-1001923600221,18647,https://t.me/Zero_to_hero_sr_stocks_nifty_505
335,,2024-11-27 07:31:06+00:00,-1001923600221,18646,https://t.me/Zero_to_hero_sr_stocks_nifty_505
336,,2024-11-27 07:31:06+00:00,-1001923600221,18645,https://t.me/Zero_to_hero_sr_stocks_nifty_505
337,,2024-11-27 07:31:06+00:00,-1001923600221,18644,https://t.me/Zero_to_hero_sr_stocks_nifty_505
338,"**BANK NIFTY ğŸ‘‰ 310 TO 560 âœ…âœ… NEW HIGH 

250 POINT DONE IN BANK NIFTY PAPER TRADE STUDY....ğŸ™**

â¤ï¸â¤ï¸â¤ï¸â¤ï¸â¤ï¸â¤ï¸â¤ï¸â¤ï¸â¤ï¸â¤ï¸â¤ï¸",2024-11-27 07:30:10+00:00,-1001923600221,18643,https://t.me/Zero_to_hero_sr_stocks_nifty_505
339,"**BANK NIFTY ğŸ‘‰ 310 TO 510 âœ…âœ… NEW HIGH 

200 POINT DONE IN BANK NIFTY PAPER TRADE STUDY....ğŸ™**

â¤ï¸â¤ï¸â¤ï¸â¤ï¸â¤ï¸â¤ï¸â¤ï¸â¤ï¸â¤ï¸â¤ï¸â¤ï¸",2024-11-27 06:48:14+00:00,-1001923600221,18637,https://t.me/Zero_to_hero_sr_stocks_nifty_505
340,,2024-11-27 06:47:20+00:00,-1001923600221,18635,https://t.me/Zero_to_hero_sr_stocks_nifty_505
341,,2024-11-27 06:47:20+00:00,-1001923600221,18634,https://t.me/Zero_to_hero_sr_stocks_nifty_505
342,,2024-11-27 06:47:20+00:00,-1001923600221,18633,https://t.me/Zero_to_hero_sr_stocks_nifty_505
343,,2024-11-27 06:47:20+00:00,-1001923600221,18632,https://t.me/Zero_to_hero_sr_stocks_nifty_505
344,,2024-11-27 06:47:20+00:00,-1001923600221,18631,https://t.me/Zero_to_hero_sr_stocks_nifty_505
345,,2024-11-27 06:47:20+00:00,-1001923600221,18630,https://t.me/Zero_to_hero_sr_stocks_nifty_505
346,**310â‚¹ To 460â‚¹ ğŸ†ğŸ“ˆâ¤ï¸**,2024-11-27 06:47:11+00:00,-1001923600221,18629,https://t.me/Zero_to_hero_sr_stocks_nifty_505
347,**310â‚¹ To 450â‚¹ ğŸ†ğŸ“ˆâ¤ï¸**,2024-11-27 05:07:55+00:00,-1001923600221,18619,https://t.me/Zero_to_hero_sr_stocks_nifty_505
348,**310â‚¹ To 440â‚¹ ğŸ†ğŸ“ˆâ¤ï¸**,2024-11-27 05:07:49+00:00,-1001923600221,18618,https://t.me/Zero_to_hero_sr_stocks_nifty_505
349,**310â‚¹ To 430â‚¹ ğŸ†ğŸ“ˆâ¤ï¸**,2024-11-27 05:07:43+00:00,-1001923600221,18617,https://t.me/Zero_to_hero_sr_stocks_nifty_505
350,**310â‚¹ To 420â‚¹ ğŸ†ğŸ“ˆâ¤ï¸**,2024-11-27 05:07:36+00:00,-1001923600221,18616,https://t.me/Zero_to_hero_sr_stocks_nifty_505
351,,2024-11-27 04:32:09+00:00,-1001923600221,18607,https://t.me/Zero_to_hero_sr_stocks_nifty_505
352,,2024-11-27 04:32:09+00:00,-1001923600221,18606,https://t.me/Zero_to_hero_sr_stocks_nifty_505
353,,2024-11-27 04:32:09+00:00,-1001923600221,18605,https://t.me/Zero_to_hero_sr_stocks_nifty_505
354,,2024-11-27 04:32:09+00:00,-1001923600221,18604,https://t.me/Zero_to_hero_sr_stocks_nifty_505
355,,2024-11-27 04:32:08+00:00,-1001923600221,18603,https://t.me/Zero_to_hero_sr_stocks_nifty_505
356,,2024-11-27 04:32:08+00:00,-1001923600221,18602,https://t.me/Zero_to_hero_sr_stocks_nifty_505
357,**310â‚¹ To 410â‚¹ ğŸ†ğŸ“ˆâ¤ï¸**,2024-11-27 04:07:04+00:00,-1001923600221,18595,https://t.me/Zero_to_hero_sr_stocks_nifty_505
358,**310â‚¹ To 400â‚¹ ğŸ†ğŸ“ˆâ¤ï¸**,2024-11-27 04:06:59+00:00,-1001923600221,18594,https://t.me/Zero_to_hero_sr_stocks_nifty_505
359,**310â‚¹ To 390â‚¹ ğŸ†ğŸ“ˆâ¤ï¸**,2024-11-27 04:06:51+00:00,-1001923600221,18593,https://t.me/Zero_to_hero_sr_stocks_nifty_505
360,**310â‚¹ To 380â‚¹ ğŸ†ğŸ“ˆâ¤ï¸**,2024-11-27 04:06:45+00:00,-1001923600221,18592,https://t.me/Zero_to_hero_sr_stocks_nifty_505
361,**310â‚¹ To 370â‚¹ ğŸ†ğŸ“ˆâ¤ï¸**,2024-11-27 04:06:41+00:00,-1001923600221,18591,https://t.me/Zero_to_hero_sr_stocks_nifty_505
362,,2024-11-27 04:06:25+00:00,-1001923600221,18590,https://t.me/Zero_to_hero_sr_stocks_nifty_505
363,,2024-11-27 04:06:25+00:00,-1001923600221,18589,https://t.me/Zero_to_hero_sr_stocks_nifty_505
364,,2024-11-27 04:06:25+00:00,-1001923600221,18588,https://t.me/Zero_to_hero_sr_stocks_nifty_505
365,,2024-11-27 04:06:25+00:00,-1001923600221,18587,https://t.me/Zero_to_hero_sr_stocks_nifty_505
366,,2024-11-27 04:06:24+00:00,-1001923600221,18586,https://t.me/Zero_to_hero_sr_stocks_nifty_505
367,,2024-11-27 04:06:24+00:00,-1001923600221,18585,https://t.me/Zero_to_hero_sr_stocks_nifty_505
368,"**310 To 360++++ 3rd Target Hit ğŸ¯ ğŸ†ğŸ“ˆ

Book Your 100% Profit ğŸ˜ğŸ˜ğŸ™â¤ï¸


BOOK PROFIT Trail stop loss in profitğŸ’â¤ï¸**",2024-11-27 03:57:30+00:00,-1001923600221,18579,https://t.me/Zero_to_hero_sr_stocks_nifty_505
369,**310â‚¹ To 360â‚¹ ğŸ†ğŸ“ˆâ¤ï¸**,2024-11-27 03:57:06+00:00,-1001923600221,18578,https://t.me/Zero_to_hero_sr_stocks_nifty_505
370,,2024-11-27 03:56:48+00:00,-1001923600221,18577,https://t.me/Zero_to_hero_sr_stocks_nifty_505
371,,2024-11-27 03:56:48+00:00,-1001923600221,18576,https://t.me/Zero_to_hero_sr_stocks_nifty_505
372,,2024-11-27 03:56:48+00:00,-1001923600221,18575,https://t.me/Zero_to_hero_sr_stocks_nifty_505
373,,2024-11-27 03:56:48+00:00,-1001923600221,18574,https://t.me/Zero_to_hero_sr_stocks_nifty_505
374,,2024-11-27 03:56:47+00:00,-1001923600221,18573,https://t.me/Zero_to_hero_sr_stocks_nifty_505
375,,2024-11-27 03:56:47+00:00,-1001923600221,18572,https://t.me/Zero_to_hero_sr_stocks_nifty_505
376,,2024-11-27 03:56:47+00:00,-1001923600221,18571,https://t.me/Zero_to_hero_sr_stocks_nifty_505
377,,2024-11-27 03:56:47+00:00,-1001923600221,18570,https://t.me/Zero_to_hero_sr_stocks_nifty_505
378,,2024-11-27 03:56:47+00:00,-1001923600221,18569,https://t.me/Zero_to_hero_sr_stocks_nifty_505
379,,2024-11-27 03:56:47+00:00,-1001923600221,18568,https://t.me/Zero_to_hero_sr_stocks_nifty_505
380,"**310 To 350++++ 2nd Target Hit ğŸ¯ ğŸ†ğŸ“ˆ

Book Your 70% Profit ğŸ˜ğŸ˜ğŸ™â¤ï¸


BOOK PROFIT Trail stop loss in profitğŸ’â¤ï¸**",2024-11-27 03:50:26+00:00,-1001923600221,18565,https://t.me/Zero_to_hero_sr_stocks_nifty_505
381,**310â‚¹ To 350â‚¹ ğŸ†ğŸ“ˆâ¤ï¸**,2024-11-27 03:50:09+00:00,-1001923600221,18564,https://t.me/Zero_to_hero_sr_stocks_nifty_505
382,"**310 To 340++++ 1st Target Hit ğŸ¯ ğŸ†ğŸ“ˆ

Book Your 50% Profit ğŸ˜ğŸ˜ğŸ™â¤ï¸


BOOK PROFIT Trail stop loss in profitğŸ’â¤ï¸**",2024-11-27 03:50:01+00:00,-1001923600221,18563,https://t.me/Zero_to_hero_sr_stocks_nifty_505
383,**310â‚¹ To 340â‚¹ ğŸ†ğŸ“ˆâ¤ï¸**,2024-11-27 03:49:38+00:00,-1001923600221,18562,https://t.me/Zero_to_hero_sr_stocks_nifty_505
384,**310â‚¹ To 330â‚¹ ğŸ†ğŸ“ˆâ¤ï¸**,2024-11-27 03:49:30+00:00,-1001923600221,18561,https://t.me/Zero_to_hero_sr_stocks_nifty_505
385,**310â‚¹ To 320â‚¹ ğŸ†ğŸ“ˆâ¤ï¸**,2024-11-27 03:49:20+00:00,-1001923600221,18560,https://t.me/Zero_to_hero_sr_stocks_nifty_505
386,**310â‚¹ To 310â‚¹ ğŸ†ğŸ“ˆâ¤ï¸**,2024-11-27 03:48:52+00:00,-1001923600221,18559,https://t.me/Zero_to_hero_sr_stocks_nifty_505
387,"**BANKNIFTY 27 NOVÂ  51900 CE**__

ğŸ› BUY ABOVE :- __310__

ğŸ“Š Current Price : __310__


**Target..340//350//360++**

â˜ ï¸ **Stoploss : PAID**__",2024-11-27 03:48:01+00:00,-1001923600221,18558,https://t.me/Zero_to_hero_sr_stocks_nifty_505
388,"ğ—šğ—¢ğ—¢ğ—— ğ— ğ—¢ğ—¥ğ—¡ğ—œğ—¡ğ—š ğ—”ğ—Ÿğ—Ÿ ğ—§ğ—¥ğ—”ğ——ğ—˜ğ—¥ğ—¦ â¤ï¸

ğ—›ğ—”ğ—©ğ—˜ ğ—” ğ—šğ—¢ğ—¢ğ—— ğ——ğ—”ğ—¬ ğ—§ğ—¢ğ——ğ—”ğ—¬ ğŸ˜Šâ™¥ï¸",2024-11-27 03:07:49+00:00,-1001923600221,18553,https://t.me/Zero_to_hero_sr_stocks_nifty_505
389,"**TODAY FII&DII DATA:- 26-11-2024

FII BUY NET ğŸ‘‰ 1157.70 Cr. â˜˜

DII SELL NET ğŸ‘‰ 1910.86 Cr. ğŸ”»

NET SELLING :-Â  753.16 Cr. ğŸ”´**",2024-11-26 14:53:45+00:00,-1001923600221,18551,https://t.me/Zero_to_hero_sr_stocks_nifty_505
390,,2024-11-26 14:39:20+00:00,-1001923600221,18549,https://t.me/Zero_to_hero_sr_stocks_nifty_505
391,**71 Lacs+++ Profit booked ğŸ˜ğŸ˜ğŸ˜ğŸ˜ğŸ˜ğŸ˜**,2024-11-26 14:39:20+00:00,-1001923600221,18548,https://t.me/Zero_to_hero_sr_stocks_nifty_505
392,,2024-11-26 14:38:53+00:00,-1001923600221,18547,https://t.me/Zero_to_hero_sr_stocks_nifty_505
393,,2024-11-26 14:38:52+00:00,-1001923600221,18546,https://t.me/Zero_to_hero_sr_stocks_nifty_505
394,,2024-11-26 14:38:52+00:00,-1001923600221,18545,https://t.me/Zero_to_hero_sr_stocks_nifty_505
395,,2024-11-26 14:38:52+00:00,-1001923600221,18544,https://t.me/Zero_to_hero_sr_stocks_nifty_505
396,,2024-11-26 14:38:52+00:00,-1001923600221,18543,https://t.me/Zero_to_hero_sr_stocks_nifty_505
397,,2024-11-26 14:38:52+00:00,-1001923600221,18542,https://t.me/Zero_to_hero_sr_stocks_nifty_505
398,,2024-11-26 14:38:52+00:00,-1001923600221,18541,https://t.me/Zero_to_hero_sr_stocks_nifty_505
399,,2024-11-26 14:38:52+00:00,-1001923600221,18540,https://t.me/Zero_to_hero_sr_stocks_nifty_505
400,,2024-11-26 14:38:52+00:00,-1001923600221,18539,https://t.me/Zero_to_hero_sr_stocks_nifty_505
401,,2024-11-26 14:38:52+00:00,-1001923600221,18538,https://t.me/Zero_to_hero_sr_stocks_nifty_505
402,"**300 To 350++++ 3rd Target Hit ğŸ¯ ğŸ†ğŸ“ˆ

Book Your 100% Profit ğŸ˜ğŸ˜ğŸ™â¤ï¸


BOOK PROFIT Trail stop loss in profitğŸ’â¤ï¸**",2024-11-26 04:08:52+00:00,-1001923600221,18476,https://t.me/Zero_to_hero_sr_stocks_nifty_505
403,**300â‚¹ To 350â‚¹ ğŸ†ğŸ“ˆâ¤ï¸**,2024-11-26 04:08:35+00:00,-1001923600221,18475,https://t.me/Zero_to_hero_sr_stocks_nifty_505
404,,2024-11-26 04:08:04+00:00,-1001923600221,18474,https://t.me/Zero_to_hero_sr_stocks_nifty_505
405,,2024-11-26 04:08:04+00:00,-1001923600221,18473,https://t.me/Zero_to_hero_sr_stocks_nifty_505
406,,2024-11-26 04:08:04+00:00,-1001923600221,18472,https://t.me/Zero_to_hero_sr_stocks_nifty_505
407,,2024-11-26 04:08:04+00:00,-1001923600221,18471,https://t.me/Zero_to_hero_sr_stocks_nifty_505
408,,2024-11-26 04:08:04+00:00,-1001923600221,18470,https://t.me/Zero_to_hero_sr_stocks_nifty_505
409,,2024-11-26 04:08:04+00:00,-1001923600221,18469,https://t.me/Zero_to_hero_sr_stocks_nifty_505
410,,2024-11-26 04:08:04+00:00,-1001923600221,18468,https://t.me/Zero_to_hero_sr_stocks_nifty_505
411,,2024-11-26 04:08:04+00:00,-1001923600221,18467,https://t.me/Zero_to_hero_sr_stocks_nifty_505
412,,2024-11-26 04:08:04+00:00,-1001923600221,18466,https://t.me/Zero_to_hero_sr_stocks_nifty_505
413,,2024-11-26 04:08:04+00:00,-1001923600221,18465,https://t.me/Zero_to_hero_sr_stocks_nifty_505
414,"**300 To 340++++ 2nd Target Hit ğŸ¯ ğŸ†ğŸ“ˆ

Book Your 70% Profit ğŸ˜ğŸ˜ğŸ™â¤ï¸


BOOK PROFIT Trail stop loss in profitğŸ’â¤ï¸**",2024-11-26 04:04:47+00:00,-1001923600221,18462,https://t.me/Zero_to_hero_sr_stocks_nifty_505
415,**300â‚¹ To 340â‚¹ ğŸ†ğŸ“ˆâ¤ï¸**,2024-11-26 04:04:25+00:00,-1001923600221,18461,https://t.me/Zero_to_hero_sr_stocks_nifty_505
416,"**300 To 330++++ 1st Target Hit ğŸ¯ ğŸ†ğŸ“ˆ

Book Your 50% Profit ğŸ˜ğŸ˜ğŸ™â¤ï¸


BOOK PROFIT Trail stop loss in profitğŸ’â¤ï¸**",2024-11-26 04:03:51+00:00,-1001923600221,18460,https://t.me/Zero_to_hero_sr_stocks_nifty_505
417,**300â‚¹ To 330â‚¹ ğŸ†ğŸ“ˆâ¤ï¸**,2024-11-26 04:03:23+00:00,-1001923600221,18459,https://t.me/Zero_to_hero_sr_stocks_nifty_505
418,**300â‚¹ To 320â‚¹ ğŸ†ğŸ“ˆâ¤ï¸**,2024-11-26 04:03:19+00:00,-1001923600221,18458,https://t.me/Zero_to_hero_sr_stocks_nifty_505
419,**300â‚¹ To 310â‚¹ ğŸ†ğŸ“ˆâ¤ï¸**,2024-11-26 04:03:15+00:00,-1001923600221,18457,https://t.me/Zero_to_hero_sr_stocks_nifty_505
420,**300â‚¹ To 300â‚¹ ğŸ†ğŸ“ˆâ¤ï¸**,2024-11-26 04:03:09+00:00,-1001923600221,18456,https://t.me/Zero_to_hero_sr_stocks_nifty_505
421,"**BANKNIFTY 27 NOVÂ  52200 CE**__

ğŸ› BUY ABOVE :- __300__

ğŸ“Š Current Price : __300__


**Target..330//340//350++**

â˜ ï¸ **Stoploss : PAID**__",2024-11-26 04:02:18+00:00,-1001923600221,18455,https://t.me/Zero_to_hero_sr_stocks_nifty_505
422,"ğ—šğ—¢ğ—¢ğ—— ğ— ğ—¢ğ—¥ğ—¡ğ—œğ—¡ğ—š ğ—”ğ—Ÿğ—Ÿ ğ—§ğ—¥ğ—”ğ——ğ—˜ğ—¥ğ—¦ â¤ï¸

ğ—›ğ—”ğ—©ğ—˜ ğ—” ğ—šğ—¢ğ—¢ğ—— ğ——ğ—”ğ—¬ ğ—§ğ—¢ğ——ğ—”ğ—¬ ğŸ˜Šâ™¥ï¸",2024-11-26 02:25:06+00:00,-1001923600221,18453,https://t.me/Zero_to_hero_sr_stocks_nifty_505
423,"**TODAY FII&DII DATA:- 25-11-2024

FII BUY NET ğŸ‘‰ 9947.55 Cr. â˜˜

DII SELL NET ğŸ‘‰ 6907.97 Cr. ğŸ”»

NET BUYING :-Â  3039.58 Cr. ğŸŸ¢

FII TO DII ğŸ‘‰ à¤ªà¤¾à¤°à¥à¤Ÿà¥€ à¤¬à¤¦à¤² à¤²à¤¿à¤¯à¤¾ à¤¸à¤¾à¤²à¤¾à¥¤ ğŸ˜‚ğŸ˜‚**",2024-11-25 13:22:06+00:00,-1001923600221,18451,https://t.me/Zero_to_hero_sr_stocks_nifty_505
424,,2024-11-25 12:47:41+00:00,-1001923600221,18449,https://t.me/Zero_to_hero_sr_stocks_nifty_505
425,,2024-11-25 12:47:41+00:00,-1001923600221,18448,https://t.me/Zero_to_hero_sr_stocks_nifty_505
426,,2024-11-25 12:47:41+00:00,-1001923600221,18447,https://t.me/Zero_to_hero_sr_stocks_nifty_505
427,,2024-11-25 12:47:41+00:00,-1001923600221,18446,https://t.me/Zero_to_hero_sr_stocks_nifty_505
428,,2024-11-25 12:47:41+00:00,-1001923600221,18445,https://t.me/Zero_to_hero_sr_stocks_nifty_505
429,,2024-11-25 12:47:41+00:00,-1001923600221,18444,https://t.me/Zero_to_hero_sr_stocks_nifty_505
430,,2024-11-25 12:47:40+00:00,-1001923600221,18443,https://t.me/Zero_to_hero_sr_stocks_nifty_505
431,,2024-11-25 12:47:40+00:00,-1001923600221,18442,https://t.me/Zero_to_hero_sr_stocks_nifty_505
432,,2024-11-25 12:47:40+00:00,-1001923600221,18441,https://t.me/Zero_to_hero_sr_stocks_nifty_505
433,,2024-11-25 12:47:40+00:00,-1001923600221,18440,https://t.me/Zero_to_hero_sr_stocks_nifty_505
434,,2024-11-25 12:47:40+00:00,-1001923600221,18439,https://t.me/Zero_to_hero_sr_stocks_nifty_505
435,,2024-11-25 12:47:40+00:00,-1001923600221,18438,https://t.me/Zero_to_hero_sr_stocks_nifty_505
436,,2024-11-25 12:47:40+00:00,-1001923600221,18437,https://t.me/Zero_to_hero_sr_stocks_nifty_505
437,,2024-11-25 12:47:40+00:00,-1001923600221,18436,https://t.me/Zero_to_hero_sr_stocks_nifty_505
438,,2024-11-25 12:47:40+00:00,-1001923600221,18435,https://t.me/Zero_to_hero_sr_stocks_nifty_505
439,,2024-11-25 12:47:40+00:00,-1001923600221,18434,https://t.me/Zero_to_hero_sr_stocks_nifty_505
440,,2024-11-25 05:05:15+00:00,-1001923600221,18432,https://t.me/Zero_to_hero_sr_stocks_nifty_505
441,,2024-11-25 05:05:15+00:00,-1001923600221,18431,https://t.me/Zero_to_hero_sr_stocks_nifty_505
442,,2024-11-25 05:05:14+00:00,-1001923600221,18430,https://t.me/Zero_to_hero_sr_stocks_nifty_505
443,,2024-11-25 05:05:14+00:00,-1001923600221,18429,https://t.me/Zero_to_hero_sr_stocks_nifty_505
444,,2024-11-25 05:05:14+00:00,-1001923600221,18428,https://t.me/Zero_to_hero_sr_stocks_nifty_505
445,,2024-11-25 05:05:14+00:00,-1001923600221,18427,https://t.me/Zero_to_hero_sr_stocks_nifty_505
446,"**280 To 330++++ 3rd Target Hit ğŸ¯ ğŸ†ğŸ“ˆ

Book Your 100% Profit ğŸ˜ğŸ˜ğŸ™â¤ï¸


BOOK PROFIT Trail stop loss in profitğŸ’â¤ï¸**",2024-11-25 03:58:42+00:00,-1001923600221,18422,https://t.me/Zero_to_hero_sr_stocks_nifty_505
447,**280â‚¹ To 330â‚¹ ğŸ†ğŸ“ˆâ¤ï¸**,2024-11-25 03:58:21+00:00,-1001923600221,18421,https://t.me/Zero_to_hero_sr_stocks_nifty_505
448,,2024-11-25 03:58:04+00:00,-1001923600221,18420,https://t.me/Zero_to_hero_sr_stocks_nifty_505
449,,2024-11-25 03:58:04+00:00,-1001923600221,18419,https://t.me/Zero_to_hero_sr_stocks_nifty_505
450,,2024-11-25 03:58:04+00:00,-1001923600221,18418,https://t.me/Zero_to_hero_sr_stocks_nifty_505
451,,2024-11-25 03:58:04+00:00,-1001923600221,18417,https://t.me/Zero_to_hero_sr_stocks_nifty_505
452,,2024-11-25 03:58:03+00:00,-1001923600221,18416,https://t.me/Zero_to_hero_sr_stocks_nifty_505
453,,2024-11-25 03:58:03+00:00,-1001923600221,18415,https://t.me/Zero_to_hero_sr_stocks_nifty_505
454,,2024-11-25 03:58:03+00:00,-1001923600221,18414,https://t.me/Zero_to_hero_sr_stocks_nifty_505
455,,2024-11-25 03:58:03+00:00,-1001923600221,18413,https://t.me/Zero_to_hero_sr_stocks_nifty_505
456,,2024-11-25 03:58:03+00:00,-1001923600221,18412,https://t.me/Zero_to_hero_sr_stocks_nifty_505
457,,2024-11-25 03:58:03+00:00,-1001923600221,18411,https://t.me/Zero_to_hero_sr_stocks_nifty_505
458,"**280 To 320++++ 2nd Target Hit ğŸ¯ ğŸ†ğŸ“ˆ

Book Your 70% Profit ğŸ˜ğŸ˜ğŸ™â¤ï¸


BOOK PROFIT Trail stop loss in profitğŸ’â¤ï¸**",2024-11-25 03:52:20+00:00,-1001923600221,18408,https://t.me/Zero_to_hero_sr_stocks_nifty_505
459,**280â‚¹ To 320â‚¹ ğŸ†ğŸ“ˆâ¤ï¸**,2024-11-25 03:52:00+00:00,-1001923600221,18407,https://t.me/Zero_to_hero_sr_stocks_nifty_505
460,"**280 To 310++++ 1st Target Hit ğŸ¯ ğŸ†ğŸ“ˆ

Book Your 50% Profit ğŸ˜ğŸ˜ğŸ™â¤ï¸


BOOK PROFIT Trail stop loss in profitğŸ’â¤ï¸**",2024-11-25 03:51:48+00:00,-1001923600221,18406,https://t.me/Zero_to_hero_sr_stocks_nifty_505
461,**280â‚¹ To 310â‚¹ ğŸ†ğŸ“ˆâ¤ï¸**,2024-11-25 03:51:30+00:00,-1001923600221,18405,https://t.me/Zero_to_hero_sr_stocks_nifty_505
462,**280â‚¹ To 300â‚¹ ğŸ†ğŸ“ˆâ¤ï¸**,2024-11-25 03:51:25+00:00,-1001923600221,18404,https://t.me/Zero_to_hero_sr_stocks_nifty_505
463,**280â‚¹ To 290â‚¹ ğŸ†ğŸ“ˆâ¤ï¸**,2024-11-25 03:51:20+00:00,-1001923600221,18403,https://t.me/Zero_to_hero_sr_stocks_nifty_505
464,**280â‚¹ To 280â‚¹ ğŸ†ğŸ“ˆâ¤ï¸**,2024-11-25 03:51:12+00:00,-1001923600221,18402,https://t.me/Zero_to_hero_sr_stocks_nifty_505
465,"**BANKNIFTY 27 NOVÂ  52300 CE**__

ğŸ› BUY ABOVE :- __280__

ğŸ“Š Current Price : __280__


**Target..310//320//330++**

â˜ ï¸ **Stoploss : PAID**__",2024-11-25 03:50:16+00:00,-1001923600221,18401,https://t.me/Zero_to_hero_sr_stocks_nifty_505
466,"ğ—šğ—¢ğ—¢ğ—— ğ— ğ—¢ğ—¥ğ—¡ğ—œğ—¡ğ—š ğ—”ğ—Ÿğ—Ÿ ğ—§ğ—¥ğ—”ğ——ğ—˜ğ—¥ğ—¦ â¤ï¸

ğ—›ğ—”ğ—©ğ—˜ ğ—” ğ—šğ—¢ğ—¢ğ—— ğ——ğ—”ğ—¬ ğ—§ğ—¢ğ——ğ—”ğ—¬ ğŸ˜Šâ™¥ï¸",2024-11-25 03:36:59+00:00,-1001923600221,18399,https://t.me/Zero_to_hero_sr_stocks_nifty_505
467,,2024-11-24 07:19:52+00:00,-1001923600221,18394,https://t.me/Zero_to_hero_sr_stocks_nifty_505
468,,2024-11-24 07:19:52+00:00,-1001923600221,18393,https://t.me/Zero_to_hero_sr_stocks_nifty_505
469,,2024-11-24 07:19:52+00:00,-1001923600221,18392,https://t.me/Zero_to_hero_sr_stocks_nifty_505
470,,2024-11-24 07:19:52+00:00,-1001923600221,18391,https://t.me/Zero_to_hero_sr_stocks_nifty_505
471,,2024-11-24 07:19:51+00:00,-1001923600221,18390,https://t.me/Zero_to_hero_sr_stocks_nifty_505
472,,2024-11-24 07:19:51+00:00,-1001923600221,18389,https://t.me/Zero_to_hero_sr_stocks_nifty_505
473,,2024-11-24 07:19:51+00:00,-1001923600221,18388,https://t.me/Zero_to_hero_sr_stocks_nifty_505
474,,2024-11-24 07:19:51+00:00,-1001923600221,18387,https://t.me/Zero_to_hero_sr_stocks_nifty_505
475,,2024-11-24 07:19:51+00:00,-1001923600221,18386,https://t.me/Zero_to_hero_sr_stocks_nifty_505
476,,2024-11-24 07:19:51+00:00,-1001923600221,18385,https://t.me/Zero_to_hero_sr_stocks_nifty_505
477,,2024-11-24 07:19:51+00:00,-1001923600221,18384,https://t.me/Zero_to_hero_sr_stocks_nifty_505
478,,2024-11-24 07:19:51+00:00,-1001923600221,18383,https://t.me/Zero_to_hero_sr_stocks_nifty_505
479,,2024-11-24 07:19:50+00:00,-1001923600221,18382,https://t.me/Zero_to_hero_sr_stocks_nifty_505
480,,2024-11-24 07:19:50+00:00,-1001923600221,18381,https://t.me/Zero_to_hero_sr_stocks_nifty_505
481,,2024-11-24 07:19:50+00:00,-1001923600221,18380,https://t.me/Zero_to_hero_sr_stocks_nifty_505
482,,2024-11-24 07:19:50+00:00,-1001923600221,18379,https://t.me/Zero_to_hero_sr_stocks_nifty_505
483,,2024-11-24 07:19:50+00:00,-1001923600221,18378,https://t.me/Zero_to_hero_sr_stocks_nifty_505
484,,2024-11-24 07:19:50+00:00,-1001923600221,18377,https://t.me/Zero_to_hero_sr_stocks_nifty_505
485,"**TODAY FII&DII DATA:- 22-11-2024

FII SELL NET ğŸ‘‰ 1278.37 Cr.ğŸ”»

DII BUY NET ğŸ‘‰ 1722.15 Cr. â˜˜

NET BUYING :-Â  443.78 Cr. ğŸŸ¢

FII ğŸ‘‰ à¤¹à¤® à¤¨à¤¹à¥€ à¤¸à¥à¤§à¤°à¥‡à¤‚à¤—à¥‡à¥¤ à¤•à¥à¤¯à¥‹à¤‚à¤•à¤¿ à¤¹à¤®à¤¾à¤°à¥‡ à¤¯à¤¹à¤¾à¤‚ à¤à¤¸à¤¾ à¤¹à¥€ à¤¹à¥‹à¤¤à¤¾ à¤¹à¥ˆà¥¤ ğŸ˜‚**",2024-11-22 15:24:43+00:00,-1001923600221,18366,https://t.me/Zero_to_hero_sr_stocks_nifty_505
486,,2024-11-22 15:24:10+00:00,-1001923600221,18365,https://t.me/Zero_to_hero_sr_stocks_nifty_505
487,,2024-11-22 15:24:10+00:00,-1001923600221,18364,https://t.me/Zero_to_hero_sr_stocks_nifty_505
488,,2024-11-22 15:24:10+00:00,-1001923600221,18363,https://t.me/Zero_to_hero_sr_stocks_nifty_505
489,,2024-11-22 15:24:10+00:00,-1001923600221,18362,https://t.me/Zero_to_hero_sr_stocks_nifty_505
490,,2024-11-22 15:24:10+00:00,-1001923600221,18361,https://t.me/Zero_to_hero_sr_stocks_nifty_505
491,,2024-11-22 15:24:10+00:00,-1001923600221,18360,https://t.me/Zero_to_hero_sr_stocks_nifty_505
492,,2024-11-22 15:24:10+00:00,-1001923600221,18359,https://t.me/Zero_to_hero_sr_stocks_nifty_505
493,,2024-11-22 15:24:09+00:00,-1001923600221,18358,https://t.me/Zero_to_hero_sr_stocks_nifty_505
494,,2024-11-22 15:24:09+00:00,-1001923600221,18357,https://t.me/Zero_to_hero_sr_stocks_nifty_505
495,,2024-11-22 15:24:09+00:00,-1001923600221,18356,https://t.me/Zero_to_hero_sr_stocks_nifty_505
496,"**BANK NIFTY ğŸ‘‰ 400 TO 750 âœ…âœ… NEW HIGH 

350 POINT DONE IN BANK NIFTY PAPER TRADE STUDY....ğŸ™**

â¤ï¸â¤ï¸â¤ï¸â¤ï¸â¤ï¸â¤ï¸â¤ï¸â¤ï¸â¤ï¸â¤ï¸â¤ï¸",2024-11-22 08:33:29+00:00,-1001923600221,18351,https://t.me/Zero_to_hero_sr_stocks_nifty_505
497,"**BANK NIFTY ğŸ‘‰ 400 TO 700 âœ…âœ… NEW HIGH 

300 POINT DONE IN BANK NIFTY PAPER TRADE STUDY....ğŸ™**

â¤ï¸â¤ï¸â¤ï¸â¤ï¸â¤ï¸â¤ï¸â¤ï¸â¤ï¸â¤ï¸â¤ï¸â¤ï¸",2024-11-22 08:32:56+00:00,-1001923600221,18350,https://t.me/Zero_to_hero_sr_stocks_nifty_505
498,"**BANK NIFTY ğŸ‘‰ 400 TO 650 âœ…âœ… NEW HIGH 

250 POINT DONE IN BANK NIFTY PAPER TRADE STUDY....ğŸ™**

â¤ï¸â¤ï¸â¤ï¸â¤ï¸â¤ï¸â¤ï¸â¤ï¸â¤ï¸â¤ï¸â¤ï¸â¤ï¸",2024-11-22 08:32:42+00:00,-1001923600221,18349,https://t.me/Zero_to_hero_sr_stocks_nifty_505
499,,2024-11-22 08:32:25+00:00,-1001923600221,18348,https://t.me/Zero_to_hero_sr_stocks_nifty_505
